month,bidding,coe_category,quota,bids_received,successful_bids,quota_premium,prevailing_quota_premium
Apr-02,1,A,1110.0,2484.0,1092.0,37201.0,
Apr-02,1,B,558.0,1119.0,551.0,39509.0,
Apr-02,1,C,506.0,795.0,506.0,23001.0,
Apr-02,1,D,839.0,1319.0,835.0,540.0,
Apr-02,1,E,682.0,1797.0,631.0,41001.0,
Apr-02,2,A,1149.0,1890.0,1148.0,36000.0,32981.0
Apr-02,2,B,553.0,1104.0,553.0,42101.0,34889.0
Apr-02,2,C,506.0,813.0,490.0,24001.0,23599.0
Apr-02,2,D,838.0,1084.0,837.0,409.0,580.0
Apr-02,2,E,754.0,1407.0,753.0,42043.0,
Apr-03,1,A,1473.0,2816.0,1464.0,27497.0,
Apr-03,1,B,919.0,1790.0,917.0,26601.0,
Apr-03,1,C,603.0,719.0,603.0,11122.0,
Apr-03,1,D,954.0,1521.0,950.0,136.0,
Apr-03,1,E,946.0,1535.0,942.0,27501.0,
Apr-03,2,A,1474.0,2728.0,1473.0,28054.0,28644.0
Apr-03,2,B,938.0,1762.0,935.0,27058.0,28670.0
Apr-03,2,C,605.0,684.0,591.0,11113.0,11290.0
Apr-03,2,D,960.0,1411.0,943.0,202.0,57.0
Apr-03,2,E,898.0,1471.0,897.0,28109.0,
Apr-04,1,A,1937.0,3386.0,1928.0,26689.0,
Apr-04,1,B,949.0,1350.0,948.0,28001.0,
Apr-04,1,C,638.0,1042.0,616.0,12809.0,
Apr-04,1,D,537.0,1181.0,530.0,851.0,
Apr-04,1,E,1039.0,1500.0,1030.0,28339.0,
Apr-04,2,A,1947.0,3042.0,1947.0,27564.0,25445.0
Apr-04,2,B,939.0,1347.0,939.0,28022.0,25382.0
Apr-04,2,C,635.0,907.0,634.0,15202.0,9182.0
Apr-04,2,D,503.0,840.0,488.0,853.0,454.0
Apr-04,2,E,1048.0,1439.0,1043.0,28108.0,
Apr-05,1,A,2200.0,2685.0,2200.0,18279.0,
Apr-05,1,B,1103.0,1367.0,1103.0,16110.0,
Apr-05,1,C,589.0,733.0,582.0,7100.0,
Apr-05,1,D,519.0,720.0,515.0,603.0,
Apr-05,1,E,1140.0,1792.0,1140.0,18802.0,
Apr-05,2,A,2264.0,2563.0,2203.0,18101.0,18716.0
Apr-05,2,B,1107.0,1357.0,1107.0,17701.0,17825.0
Apr-05,2,C,596.0,712.0,596.0,6841.0,6072.0
Apr-05,2,D,608.0,898.0,608.0,591.0,594.0
Apr-05,2,E,1160.0,1694.0,1147.0,18000.0,
Apr-06,1,A,2222.0,3183.0,2215.0,11901.0,
Apr-06,1,B,1084.0,1420.0,1079.0,13402.0,
Apr-06,1,C,571.0,781.0,566.0,10059.0,
Apr-06,1,D,514.0,662.0,513.0,851.0,
Apr-06,1,E,1119.0,1657.0,1112.0,13301.0,
Apr-06,2,A,2225.0,2762.0,2220.0,11901.0,11216.0
Apr-06,2,B,1086.0,1299.0,1079.0,13101.0,12101.0
Apr-06,2,C,590.0,784.0,581.0,11301.0,9000.0
Apr-06,2,D,513.0,709.0,510.0,756.0,659.0
Apr-06,2,E,1112.0,1514.0,1047.0,13000.0,
Apr-07,1,A,2165.0,3691.0,2161.0,14000.0,
Apr-07,1,B,1149.0,1720.0,1149.0,14889.0,
Apr-07,1,C,479.0,631.0,479.0,2600.0,
Apr-07,1,D,478.0,596.0,465.0,1013.0,
Apr-07,1,E,1092.0,1867.0,1090.0,15315.0,
Apr-07,2,A,2168.0,3327.0,2168.0,14601.0,11900.0
Apr-07,2,B,1130.0,1587.0,1127.0,15989.0,12865.0
Apr-07,2,C,444.0,700.0,442.0,5289.0,1498.0
Apr-07,2,D,480.0,768.0,478.0,1184.0,1011.0
Apr-07,2,E,1103.0,1847.0,1098.0,16101.0,
Apr-08,1,A,2043.0,2570.0,2026.0,16930.0,
Apr-08,1,B,1132.0,1382.0,1130.0,19501.0,
Apr-08,1,C,383.0,443.0,376.0,18900.0,
Apr-08,1,D,449.0,586.0,448.0,1012.0,
Apr-08,1,E,881.0,1348.0,870.0,19389.0,
Apr-08,2,A,2036.0,2197.0,2009.0,15600.0,14522.0
Apr-08,2,B,1119.0,1324.0,1118.0,17510.0,17122.0
Apr-08,2,C,379.0,481.0,377.0,18151.0,16496.0
Apr-08,2,D,455.0,545.0,417.0,1152.0,996.0
Apr-08,2,E,877.0,1266.0,876.0,18451.0,
Apr-09,1,A,1396.0,2026.0,1396.0,7090.0,
Apr-09,1,B,761.0,1036.0,707.0,7501.0,
Apr-09,1,C,240.0,537.0,240.0,7302.0,
Apr-09,1,D,391.0,545.0,389.0,1053.0,
Apr-09,1,E,720.0,1202.0,720.0,7326.0,
Apr-09,2,A,1396.0,1906.0,1390.0,7589.0,5028.0
Apr-09,2,B,769.0,1001.0,755.0,7490.0,5112.0
Apr-09,2,C,262.0,412.0,255.0,6610.0,5266.0
Apr-09,2,D,421.0,555.0,418.0,889.0,886.0
Apr-09,2,E,717.0,1365.0,708.0,7789.0,
Apr-10,1,A,705.0,1379.0,597.0,34001.0,
Apr-10,1,B,571.0,858.0,571.0,45501.0,
Apr-10,1,C,180.0,329.0,167.0,36511.0,
Apr-10,1,D,338.0,409.0,334.0,1221.0,
Apr-10,1,E,372.0,856.0,328.0,49000.0,
Apr-10,2,A,706.0,1242.0,704.0,30000.0,25587.0
Apr-10,2,B,561.0,896.0,549.0,40001.0,32509.0
Apr-10,2,C,203.0,298.0,203.0,35556.0,29475.0
Apr-10,2,D,339.0,383.0,311.0,1253.0,1115.0
Apr-10,2,E,390.0,709.0,383.0,43003.0,
Apr-11,1,A,512.0,813.0,511.0,43212.0,
Apr-11,1,B,425.0,542.0,410.0,55001.0,
Apr-11,1,C,276.0,316.0,275.0,28189.0,
Apr-11,1,D,340.0,500.0,335.0,2490.0,
Apr-11,1,E,341.0,454.0,340.0,57100.0,
Apr-11,2,A,565.0,964.0,552.0,44000.0,42292.0
Apr-11,2,B,423.0,627.0,422.0,56801.0,57683.0
Apr-11,2,C,277.0,346.0,269.0,23900.0,28230.0
Apr-11,2,D,326.0,478.0,326.0,2502.0,2325.0
Apr-11,2,E,330.0,484.0,329.0,56001.0,
Apr-12,1,A,637.0,960.0,615.0,58501.0,
Apr-12,1,B,352.0,483.0,348.0,83700.0,
Apr-12,1,C,163.0,222.0,163.0,53989.0,
Apr-12,1,D,416.0,542.0,416.0,1896.0,
Apr-12,1,E,309.0,413.0,307.0,84590.0,
Apr-12,2,A,629.0,1011.0,618.0,64201.0,57596.0
Apr-12,2,B,349.0,563.0,349.0,91000.0,81348.0
Apr-12,2,C,160.0,261.0,158.0,57589.0,52484.0
Apr-12,2,D,411.0,526.0,411.0,1924.0,1854.0
Apr-12,2,E,308.0,447.0,295.0,92010.0,
Apr-13,1,A,341.0,966.0,339.0,61029.0,
Apr-13,1,B,302.0,835.0,287.0,67010.0,
Apr-13,1,C,227.0,334.0,227.0,56011.0,
Apr-13,1,D,506.0,680.0,412.0,1812.0,
Apr-13,1,E,245.0,450.0,244.0,66989.0,
Apr-13,2,A,333.0,993.0,333.0,62497.0,71306.0
Apr-13,2,B,310.0,683.0,281.0,62000.0,74428.0
Apr-13,2,C,225.0,354.0,218.0,58502.0,55167.0
Apr-13,2,D,506.0,545.0,505.0,1791.0,1784.0
Apr-13,2,E,240.0,421.0,227.0,62000.0,
Apr-14,1,A,367.0,537.0,360.0,77400.0,
Apr-14,1,B,363.0,523.0,363.0,84504.0,
Apr-14,1,C,265.0,303.0,261.0,49503.0,
Apr-14,1,D,388.0,520.0,388.0,4489.0,
Apr-14,1,E,199.0,283.0,197.0,84100.0,
Apr-14,2,A,361.0,513.0,357.0,71335.0,75517.0
Apr-14,2,B,351.0,486.0,349.0,75010.0,79505.0
Apr-14,2,C,272.0,392.0,266.0,32890.0,49413.0
Apr-14,2,D,365.0,492.0,350.0,4502.0,3973.0
Apr-14,2,E,192.0,310.0,192.0,73810.0,
Apr-15,1,A,988.0,2340.0,970.0,67749.0,
Apr-15,1,B,722.0,1661.0,716.0,76612.0,
Apr-15,1,C,188.0,290.0,183.0,64001.0,
Apr-15,1,D,286.0,442.0,278.0,6312.0,
Apr-15,1,E,187.0,311.0,165.0,78000.0,
Apr-15,2,A,987.0,2055.0,979.0,67601.0,63444.0
Apr-15,2,B,728.0,1525.0,708.0,78001.0,72136.0
Apr-15,2,C,194.0,284.0,192.0,53001.0,56468.0
Apr-15,2,D,285.0,376.0,277.0,6801.0,5922.0
Apr-15,2,E,176.0,331.0,163.0,79500.0,
Apr-16,1,A,2105.0,3719.0,2103.0,46009.0,
Apr-16,1,B,1218.0,2247.0,1218.0,47000.0,
Apr-16,1,C,164.0,235.0,161.0,44213.0,
Apr-16,1,D,357.0,455.0,356.0,6503.0,
Apr-16,1,E,583.0,1397.0,346.0,47510.0,
Apr-16,2,A,2062.0,3327.0,2061.0,47300.0,45578.0
Apr-16,2,B,1211.0,2364.0,1136.0,49602.0,46048.0
Apr-16,2,C,163.0,241.0,162.0,43002.0,45441.0
Apr-16,2,D,357.0,437.0,341.0,6501.0,6492.0
Apr-16,2,E,453.0,834.0,433.0,49501.0,
Apr-17,1,A,2068.0,2486.0,2061.0,52000.0,
Apr-17,1,B,1360.0,1970.0,1360.0,54405.0,
Apr-17,1,C,162.0,351.0,162.0,45906.0,
Apr-17,1,D,355.0,482.0,354.0,7589.0,
Apr-17,1,E,486.0,748.0,485.0,54556.0,
Apr-17,2,A,2052.0,2442.0,2030.0,51600.0,50665.0
Apr-17,2,B,1369.0,2000.0,1365.0,54406.0,52491.0
Apr-17,2,C,163.0,509.0,162.0,26501.0,44526.0
Apr-17,2,D,347.0,512.0,325.0,6712.0,7180.0
Apr-17,2,E,482.0,712.0,477.0,54616.0,
Apr-18,1,A,1566.0,1888.0,1564.0,37000.0,
Apr-18,1,B,1389.0,1689.0,1388.0,37605.0,
Apr-18,1,C,292.0,500.0,290.0,34001.0,
Apr-18,1,D,516.0,953.0,483.0,7114.0,
Apr-18,1,E,612.0,967.0,604.0,38039.0,
Apr-18,2,A,1566.0,2027.0,1566.0,38510.0,38192.0
Apr-18,2,B,1417.0,1919.0,1414.0,37330.0,38712.0
Apr-18,2,C,260.0,461.0,181.0,34202.0,35729.0
Apr-18,2,D,518.0,727.0,515.0,7115.0,7660.0
Apr-18,2,E,573.0,1027.0,571.0,38389.0,
Apr-19,1,A,1656.0,2338.0,1650.0,29159.0,
Apr-19,1,B,1202.0,1782.0,1202.0,43102.0,
Apr-19,1,C,309.0,431.0,304.0,27589.0,
Apr-19,1,D,829.0,1193.0,803.0,3501.0,
Apr-19,1,E,400.0,648.0,391.0,48209.0,
Apr-19,2,A,1653.0,2249.0,1603.0,33199.0,27886.0
Apr-19,2,B,1205.0,1634.0,1181.0,48000.0,39563.0
Apr-19,2,C,304.0,560.0,284.0,32001.0,27819.0
Apr-19,2,D,835.0,1129.0,834.0,3452.0,3571.0
Apr-19,2,E,398.0,667.0,391.0,52410.0,
Apr-20,2,A,,,,,32875.0
Apr-20,2,B,,,,,33568.0
Apr-20,2,C,,,,,24271.0
Apr-20,2,D,,,,,4352.0
Apr-21,1,A,883.0,1212.0,880.0,45600.0,
Apr-21,1,B,958.0,1524.0,949.0,52309.0,
Apr-21,1,C,263.0,488.0,263.0,36134.0,
Apr-21,1,D,560.0,735.0,524.0,8000.0,
Apr-21,1,E,296.0,635.0,286.0,52200.0,
Apr-21,2,A,890.0,1290.0,883.0,49640.0,44138.0
Apr-21,2,B,956.0,1585.0,949.0,61190.0,49716.0
Apr-21,2,C,262.0,441.0,256.0,44001.0,40522.0
Apr-21,2,D,546.0,734.0,532.0,8000.0,7759.0
Apr-21,2,E,303.0,633.0,295.0,62100.0,
Apr-22,1,A,536.0,723.0,536.0,72996.0,
Apr-22,1,B,550.0,708.0,550.0,98389.0,
Apr-22,1,C,85.0,210.0,84.0,54901.0,
Apr-22,1,D,407.0,561.0,405.0,10503.0,
Apr-22,1,E,180.0,290.0,174.0,99999.0,
Apr-22,2,A,532.0,744.0,519.0,68699.0,67586.0
Apr-22,2,B,560.0,687.0,559.0,90002.0,93644.0
Apr-22,2,C,76.0,181.0,76.0,52002.0,49633.0
Apr-22,2,D,404.0,539.0,355.0,9801.0,10468.0
Apr-22,2,E,184.0,295.0,182.0,95801.0,
Apr-23,1,A,515.0,749.0,508.0,96501.0,
Apr-23,1,B,430.0,566.0,414.0,118501.0,
Apr-23,1,C,47.0,103.0,47.0,76801.0,
Apr-23,1,D,466.0,529.0,454.0,12001.0,
Apr-23,1,E,134.0,252.0,133.0,118990.0,
Apr-23,2,A,507.0,750.0,489.0,103721.0,92381.0
Apr-23,2,B,430.0,553.0,403.0,120889.0,115270.0
Apr-23,2,C,51.0,116.0,47.0,75334.0,83589.0
Apr-23,2,D,465.0,510.0,436.0,12179.0,12061.0
Apr-23,2,E,137.0,252.0,136.0,124501.0,
Apr-24,1,A,975.0,1922.0,970.0,89000.0,
Apr-24,1,B,653.0,1208.0,645.0,101334.0,
Apr-24,1,C,197.0,365.0,196.0,67501.0,
Apr-24,1,D,520.0,610.0,510.0,10000.0,
Apr-24,1,E,164.0,333.0,161.0,101002.0,
Apr-24,2,A,936.0,1390.0,916.0,94010.0,84550.0
Apr-24,2,B,690.0,1008.0,690.0,102001.0,99116.0
Apr-24,2,C,195.0,332.0,193.0,68502.0,71120.0
Apr-24,2,D,522.0,625.0,514.0,9990.0,9547.0
Apr-24,2,E,155.0,269.0,151.0,103249.0,
Aug-02,1,A,1118.0,1640.0,1115.0,30289.0,
Aug-02,1,B,555.0,1149.0,555.0,31889.0,
Aug-02,1,C,508.0,719.0,504.0,16501.0,
Aug-02,1,D,838.0,920.0,836.0,116.0,
Aug-02,1,E,916.0,1370.0,899.0,31899.0,
Aug-02,2,A,1110.0,1480.0,1100.0,31289.0,31179.0
Aug-02,2,B,560.0,873.0,543.0,32001.0,31831.0
Aug-02,2,C,509.0,702.0,509.0,16409.0,18423.0
Aug-02,2,D,843.0,918.0,837.0,81.0,94.0
Aug-02,2,E,914.0,1386.0,886.0,32001.0,
Aug-03,1,A,1479.0,1828.0,1470.0,30497.0,
Aug-03,1,B,912.0,1159.0,905.0,31001.0,
Aug-03,1,C,605.0,719.0,601.0,12000.0,
Aug-03,1,D,596.0,815.0,486.0,405.0,
Aug-03,1,E,892.0,1401.0,888.0,31889.0,
Aug-03,2,A,1477.0,1773.0,1474.0,30989.0,31385.0
Aug-03,2,B,945.0,1171.0,942.0,29900.0,31430.0
Aug-03,2,C,605.0,736.0,599.0,10999.0,11548.0
Aug-03,2,D,559.0,674.0,552.0,369.0,440.0
Aug-03,2,E,894.0,1312.0,892.0,30099.0,
Aug-04,1,A,1934.0,2145.0,1932.0,26298.0,
Aug-04,1,B,940.0,1095.0,938.0,27086.0,
Aug-04,1,C,650.0,823.0,650.0,8192.0,
Aug-04,1,D,509.0,899.0,499.0,652.0,
Aug-04,1,E,1038.0,1365.0,1035.0,27295.0,
Aug-04,2,A,1938.0,2237.0,1932.0,25797.0,27336.0
Aug-04,2,B,949.0,1065.0,947.0,26301.0,28347.0
Aug-04,2,C,631.0,772.0,629.0,7300.0,8436.0
Aug-04,2,D,512.0,787.0,511.0,564.0,692.0
Aug-04,2,E,1034.0,1378.0,1032.0,26401.0,
Aug-05,1,A,2195.0,2843.0,2194.0,16502.0,
Aug-05,1,B,1112.0,1318.0,1103.0,15889.0,
Aug-05,1,C,588.0,723.0,588.0,6500.0,
Aug-05,1,D,539.0,765.0,486.0,673.0,
Aug-05,1,E,1154.0,1653.0,1137.0,16999.0,
Aug-05,2,A,2199.0,2421.0,2190.0,16101.0,16665.0
Aug-05,2,B,1101.0,1412.0,1093.0,16303.0,15867.0
Aug-05,2,C,598.0,698.0,598.0,6420.0,6416.0
Aug-05,2,D,590.0,731.0,541.0,652.0,689.0
Aug-05,2,E,1199.0,1575.0,1197.0,16296.0,
Aug-06,1,A,2222.0,3333.0,2215.0,11901.0,
Aug-06,1,B,1084.0,1365.0,1064.0,12501.0,
Aug-06,1,C,571.0,775.0,568.0,9001.0,
Aug-06,1,D,505.0,683.0,501.0,1057.0,
Aug-06,1,E,1116.0,1669.0,1114.0,12699.0,
Aug-06,2,A,2225.0,3398.0,2219.0,12989.0,11067.0
Aug-06,2,B,1085.0,1406.0,1084.0,13890.0,11833.0
Aug-06,2,C,626.0,1165.0,617.0,10806.0,7704.0
Aug-06,2,D,490.0,552.0,481.0,902.0,967.0
Aug-06,2,E,1112.0,1889.0,1108.0,13605.0,
Aug-07,1,A,2168.0,2632.0,2018.0,17001.0,
Aug-07,1,B,1125.0,1458.0,1114.0,18001.0,
Aug-07,1,C,447.0,534.0,446.0,5767.0,
Aug-07,1,D,482.0,828.0,460.0,1251.0,
Aug-07,1,E,1089.0,1623.0,1080.0,18003.0,
Aug-07,2,A,2189.0,2315.0,2188.0,8118.0,14616.0
Aug-07,2,B,1124.0,1288.0,1124.0,16010.0,17951.0
Aug-07,2,C,452.0,628.0,443.0,6890.0,5641.0
Aug-07,2,D,481.0,648.0,479.0,1189.0,1147.0
Aug-07,2,E,1093.0,1538.0,1064.0,17302.0,
Aug-08,1,A,2035.0,2267.0,2032.0,12501.0,
Aug-08,1,B,1104.0,1253.0,1104.0,12889.0,
Aug-08,1,C,384.0,522.0,376.0,12589.0,
Aug-08,1,D,452.0,684.0,450.0,1413.0,
Aug-08,1,E,884.0,1229.0,879.0,14101.0,
Aug-08,2,A,2036.0,2318.0,2036.0,13289.0,13878.0
Aug-08,2,B,1099.0,1362.0,1071.0,13890.0,14308.0
Aug-08,2,C,378.0,492.0,370.0,12989.0,12784.0
Aug-08,2,D,446.0,548.0,445.0,1310.0,1325.0
Aug-08,2,E,883.0,1318.0,878.0,14001.0,
Aug-09,1,A,1395.0,1558.0,1395.0,13658.0,
Aug-09,1,B,762.0,934.0,755.0,18890.0,
Aug-09,1,C,242.0,296.0,242.0,18801.0,
Aug-09,1,D,393.0,462.0,378.0,902.0,
Aug-09,1,E,743.0,1224.0,737.0,19629.0,
Aug-09,2,A,1395.0,1567.0,1387.0,15019.0,13812.0
Aug-09,2,B,785.0,889.0,784.0,16290.0,16202.0
Aug-09,2,C,235.0,348.0,229.0,17501.0,15485.0
Aug-09,2,D,390.0,541.0,373.0,882.0,894.0
Aug-09,2,E,721.0,1187.0,721.0,17905.0,
Aug-10,1,A,622.0,786.0,589.0,32104.0,
Aug-10,1,B,479.0,662.0,479.0,43334.0,
Aug-10,1,C,205.0,284.0,205.0,30112.0,
Aug-10,1,D,336.0,384.0,326.0,1301.0,
Aug-10,1,E,309.0,594.0,308.0,42901.0,
Aug-10,2,A,606.0,975.0,606.0,29000.0,31388.0
Aug-10,2,B,482.0,683.0,472.0,42810.0,40810.0
Aug-10,2,C,206.0,275.0,205.0,30002.0,30664.0
Aug-10,2,D,335.0,369.0,330.0,1251.0,1345.0
Aug-10,2,E,315.0,583.0,315.0,43501.0,
Aug-11,1,A,566.0,1034.0,566.0,48801.0,
Aug-11,1,B,354.0,469.0,349.0,70890.0,
Aug-11,1,C,241.0,383.0,239.0,34009.0,
Aug-11,1,D,390.0,470.0,390.0,1890.0,
Aug-11,1,E,360.0,488.0,360.0,70117.0,
Aug-11,2,A,557.0,927.0,557.0,49301.0,52288.0
Aug-11,2,B,353.0,527.0,353.0,65521.0,68019.0
Aug-11,2,C,245.0,367.0,237.0,32289.0,32248.0
Aug-11,2,D,387.0,471.0,382.0,1999.0,2174.0
Aug-11,2,E,337.0,516.0,335.0,67000.0,
Aug-12,1,A,421.0,724.0,415.0,73501.0,
Aug-12,1,B,350.0,489.0,345.0,94502.0,
Aug-12,1,C,183.0,241.0,180.0,57001.0,
Aug-12,1,D,456.0,659.0,453.0,2081.0,
Aug-12,1,E,260.0,354.0,258.0,95034.0,
Aug-12,2,A,400.0,530.0,391.0,66889.0,64413.0
Aug-12,2,B,351.0,532.0,351.0,88002.0,87283.0
Aug-12,2,C,181.0,261.0,178.0,59334.0,56120.0
Aug-12,2,D,448.0,535.0,444.0,2013.0,1890.0
Aug-12,2,E,247.0,301.0,238.0,93990.0,
Aug-13,1,A,373.0,754.0,371.0,75556.0,
Aug-13,1,B,380.0,682.0,373.0,77600.0,
Aug-13,1,C,258.0,364.0,257.0,68251.0,
Aug-13,1,D,482.0,568.0,481.0,1792.0,
Aug-13,1,E,264.0,407.0,261.0,77989.0,
Aug-13,2,A,366.0,596.0,360.0,76223.0,72679.0
Aug-13,2,B,375.0,627.0,371.0,76607.0,77410.0
Aug-13,2,C,263.0,385.0,257.0,71001.0,63715.0
Aug-13,2,D,491.0,615.0,449.0,1722.0,1709.0
Aug-13,2,E,264.0,385.0,264.0,79223.0,
Aug-14,1,A,574.0,1086.0,574.0,64600.0,
Aug-14,1,B,507.0,1090.0,501.0,68689.0,
Aug-14,1,C,267.0,519.0,267.0,54009.0,
Aug-14,1,D,316.0,360.0,315.0,4353.0,
Aug-14,1,E,245.0,429.0,243.0,69001.0,
Aug-14,2,A,575.0,994.0,574.0,65710.0,63380.0
Aug-14,2,B,506.0,1137.0,502.0,72990.0,67429.0
Aug-14,2,C,257.0,427.0,254.0,52390.0,47801.0
Aug-14,2,D,322.0,361.0,317.0,4354.0,4157.0
Aug-14,2,E,241.0,358.0,224.0,72810.0,
Aug-15,1,A,1688.0,2446.0,1687.0,56209.0,
Aug-15,1,B,1057.0,1634.0,1054.0,60789.0,
Aug-15,1,C,183.0,263.0,183.0,49302.0,
Aug-15,1,D,356.0,418.0,356.0,6201.0,
Aug-15,1,E,363.0,607.0,361.0,57885.0,
Aug-15,2,A,1756.0,2597.0,1756.0,57498.0,59216.0
Aug-15,2,B,1058.0,1551.0,1056.0,62140.0,65508.0
Aug-15,2,C,182.0,282.0,182.0,46501.0,49535.0
Aug-15,2,D,366.0,527.0,319.0,6112.0,6341.0
Aug-15,2,E,363.0,609.0,356.0,61001.0,
Aug-16,1,A,2018.0,2712.0,1959.0,52503.0,
Aug-16,1,B,1336.0,2156.0,1300.0,57903.0,
Aug-16,1,C,177.0,245.0,177.0,48302.0,
Aug-16,1,D,403.0,558.0,400.0,6206.0,
Aug-16,1,E,429.0,610.0,400.0,58201.0,
Aug-16,2,A,2034.0,2803.0,2034.0,53334.0,53339.0
Aug-16,2,B,1336.0,2088.0,1334.0,56500.0,56835.0
Aug-16,2,C,180.0,236.0,178.0,48001.0,48087.0
Aug-16,2,D,365.0,541.0,321.0,6352.0,6247.0
Aug-16,2,E,450.0,618.0,450.0,56956.0,
Aug-17,1,A,1817.0,2403.0,1812.0,46778.0,
Aug-17,1,B,1286.0,1978.0,1281.0,53711.0,
Aug-17,1,C,454.0,742.0,445.0,42801.0,
Aug-17,1,D,574.0,879.0,508.0,5701.0,
Aug-17,1,E,547.0,822.0,545.0,52751.0,
Aug-17,2,A,1817.0,2148.0,1817.0,42900.0,44081.0
Aug-17,2,B,1293.0,1683.0,1290.0,51000.0,50355.0
Aug-17,2,C,445.0,836.0,436.0,42004.0,40535.0
Aug-17,2,D,605.0,1069.0,588.0,3512.0,5528.0
Aug-17,2,E,586.0,781.0,562.0,50000.0,
Aug-18,1,A,1672.0,3633.0,1672.0,33798.0,
Aug-18,1,B,1265.0,2132.0,1256.0,34381.0,
Aug-18,1,C,379.0,549.0,330.0,30389.0,
Aug-18,1,D,845.0,1208.0,791.0,5514.0,
Aug-18,1,E,536.0,896.0,524.0,33420.0,
Aug-18,2,A,1695.0,2948.0,1695.0,31997.0,32339.0
Aug-18,2,B,1272.0,2031.0,1259.0,32429.0,33377.0
Aug-18,2,C,409.0,635.0,204.0,29902.0,30696.0
Aug-18,2,D,824.0,1176.0,823.0,4889.0,6166.0
Aug-18,2,E,527.0,927.0,525.0,32311.0,
Aug-19,1,A,1059.0,2023.0,1059.0,32725.0,
Aug-19,1,B,1047.0,1487.0,1043.0,40001.0,
Aug-19,1,C,292.0,492.0,273.0,27800.0,
Aug-19,1,D,751.0,1040.0,751.0,4400.0,
Aug-19,1,E,357.0,589.0,353.0,40512.0,
Aug-19,2,A,1062.0,1725.0,1062.0,31917.0,29485.0
Aug-19,2,B,1045.0,1415.0,1043.0,38602.0,37941.0
Aug-19,2,C,283.0,446.0,283.0,26501.0,25832.0
Aug-19,2,D,742.0,1010.0,574.0,4301.0,3571.0
Aug-19,2,E,363.0,593.0,353.0,40002.0,
Aug-20,1,A,1022.0,2047.0,1007.0,33000.0,
Aug-20,1,B,932.0,1985.0,928.0,37102.0,
Aug-20,1,C,358.0,658.0,354.0,24100.0,
Aug-20,1,D,503.0,720.0,497.0,7701.0,
Aug-20,1,E,472.0,784.0,466.0,36502.0,
Aug-20,2,A,1034.0,2099.0,1019.0,35710.0,33140.0
Aug-20,2,B,923.0,1727.0,912.0,38802.0,34935.0
Aug-20,2,C,357.0,586.0,356.0,25006.0,23950.0
Aug-20,2,D,495.0,797.0,491.0,7432.0,6358.0
Aug-20,2,E,474.0,764.0,467.0,38110.0,
Aug-21,1,A,805.0,1021.0,804.0,45189.0,
Aug-21,1,B,771.0,980.0,751.0,56001.0,
Aug-21,1,C,118.0,233.0,111.0,42589.0,
Aug-21,1,D,449.0,667.0,449.0,8899.0,
Aug-21,1,E,199.0,288.0,190.0,59599.0,
Aug-21,2,A,806.0,1127.0,806.0,46689.0,46704.0
Aug-21,2,B,794.0,1065.0,793.0,61001.0,58124.0
Aug-21,2,C,118.0,220.0,113.0,40010.0,39171.0
Aug-21,2,D,451.0,635.0,447.0,9500.0,8799.0
Aug-21,2,E,198.0,408.0,197.0,64901.0,
Aug-22,1,A,554.0,689.0,541.0,80000.0,
Aug-22,1,B,474.0,612.0,474.0,107001.0,
Aug-22,1,C,95.0,168.0,93.0,56089.0,
Aug-22,1,D,573.0,696.0,562.0,11000.0,
Aug-22,1,E,167.0,293.0,165.0,113000.0,
Aug-22,2,A,551.0,835.0,551.0,87889.0,78930.0
Aug-22,2,B,471.0,665.0,470.0,112001.0,107249.0
Aug-22,2,C,87.0,196.0,87.0,59090.0,55014.0
Aug-22,2,D,510.0,673.0,502.0,11101.0,10701.0
Aug-22,2,E,163.0,273.0,151.0,112001.0,
Aug-23,1,A,632.0,949.0,618.0,99499.0,
Aug-23,1,B,470.0,853.0,469.0,126889.0,
Aug-23,1,C,122.0,222.0,121.0,82100.0,
Aug-23,1,D,522.0,759.0,443.0,11501.0,
Aug-23,1,E,140.0,237.0,140.0,126201.0,
Aug-23,2,A,636.0,908.0,616.0,100000.0,97652.0
Aug-23,2,B,478.0,731.0,451.0,129890.0,122414.0
Aug-23,2,C,114.0,180.0,114.0,82801.0,82345.0
Aug-23,2,D,495.0,654.0,486.0,11402.0,10868.0
Aug-23,2,E,131.0,237.0,107.0,131000.0,
Aug-24,1,A,1013.0,1570.0,1007.0,94289.0,
Aug-24,1,B,663.0,1150.0,662.0,106101.0,
Aug-24,1,C,218.0,312.0,218.0,71100.0,
Aug-24,1,D,517.0,599.0,513.0,9601.0,
Aug-24,1,E,178.0,322.0,175.0,105239.0,
Aug-24,2,A,978.0,1314.0,966.0,93900.0,91697.0
Aug-24,2,B,686.0,985.0,686.0,105889.0,102639.0
Aug-24,2,C,216.0,333.0,215.0,72400.0,70766.0
Aug-24,2,D,523.0,614.0,522.0,9310.0,9149.0
Aug-24,2,E,173.0,350.0,168.0,106001.0,
Dec-02,1,A,1332.0,1851.0,1322.0,28501.0,
Dec-02,1,B,663.0,822.0,619.0,27289.0,
Dec-02,1,C,572.0,773.0,566.0,12552.0,
Dec-02,1,D,834.0,853.0,826.0,3.0,
Dec-02,1,E,1105.0,1477.0,1101.0,28487.0,
Dec-02,2,A,1338.0,1546.0,1337.0,26993.0,29285.0
Dec-02,2,B,728.0,977.0,728.0,23890.0,28243.0
Dec-02,2,C,579.0,682.0,544.0,10001.0,14290.0
Dec-02,2,D,991.0,734.0,734.0,1.0,13.0
Dec-02,2,E,1091.0,1501.0,1082.0,27119.0,
Dec-03,1,A,1911.0,2020.0,1903.0,24401.0,
Dec-03,1,B,1181.0,1401.0,1180.0,24112.0,
Dec-03,1,C,691.0,854.0,691.0,6941.0,
Dec-03,1,D,630.0,770.0,625.0,200.0,
Dec-03,1,E,1164.0,1508.0,1155.0,25299.0,
Dec-03,2,A,1911.0,2376.0,1910.0,24251.0,26489.0
Dec-03,2,B,1156.0,1295.0,1152.0,22295.0,25680.0
Dec-03,2,C,693.0,820.0,664.0,6508.0,8118.0
Dec-03,2,D,563.0,920.0,419.0,221.0,233.0
Dec-03,2,E,1356.0,1789.0,1356.0,24502.0,
Dec-04,1,A,2520.0,3224.0,2520.0,22463.0,
Dec-04,1,B,1143.0,1402.0,1141.0,21302.0,
Dec-04,1,C,675.0,791.0,675.0,4851.0,
Dec-04,1,D,502.0,700.0,502.0,663.0,
Dec-04,1,E,1342.0,1698.0,1342.0,22809.0,
Dec-04,2,A,2520.0,2709.0,2520.0,20117.0,22311.0
Dec-04,2,B,1139.0,1270.0,1128.0,18708.0,21270.0
Dec-04,2,C,702.0,829.0,693.0,4301.0,5373.0
Dec-04,2,D,500.0,690.0,472.0,601.0,630.0
Dec-04,2,E,1366.0,1766.0,1364.0,21298.0,
Dec-05,1,A,2792.0,4171.0,2790.0,13700.0,
Dec-05,1,B,1267.0,1499.0,1255.0,13301.0,
Dec-05,1,C,594.0,694.0,575.0,8501.0,
Dec-05,1,D,534.0,671.0,527.0,554.0,
Dec-05,1,E,1414.0,2112.0,1406.0,14200.0,
Dec-05,2,A,2858.0,3309.0,2858.0,12081.0,13496.0
Dec-05,2,B,1271.0,1386.0,1261.0,9001.0,12843.0
Dec-05,2,C,587.0,672.0,579.0,5010.0,7726.0
Dec-05,2,D,510.0,569.0,485.0,552.0,569.0
Dec-05,2,E,1394.0,1927.0,1386.0,13302.0,
Dec-06,1,A,2670.0,3018.0,2670.0,12200.0,
Dec-06,1,B,1269.0,1521.0,1267.0,14389.0,
Dec-06,1,C,511.0,550.0,510.0,509.0,
Dec-06,1,D,488.0,759.0,476.0,1251.0,
Dec-06,1,E,1283.0,1991.0,1261.0,14669.0,
Dec-06,2,A,2670.0,2886.0,2668.0,9605.0,11664.0
Dec-06,2,B,1272.0,1413.0,1240.0,12889.0,13515.0
Dec-06,2,C,508.0,490.0,490.0,1.0,3065.0
Dec-06,2,D,454.0,684.0,448.0,1210.0,1078.0
Dec-06,2,E,1290.0,1708.0,1203.0,13499.0,
Dec-07,1,A,2174.0,2373.0,2171.0,12001.0,
Dec-07,1,B,1163.0,1334.0,1116.0,13114.0,
Dec-07,1,C,347.0,431.0,340.0,13000.0,
Dec-07,1,D,454.0,767.0,418.0,1012.0,
Dec-07,1,E,1088.0,1699.0,1081.0,15501.0,
Dec-07,2,A,2162.0,2588.0,2089.0,14001.0,14441.0
Dec-07,2,B,1125.0,1578.0,1106.0,15802.0,16335.0
Dec-07,2,C,344.0,452.0,340.0,11851.0,14020.0
Dec-07,2,D,477.0,634.0,473.0,889.0,1068.0
Dec-07,2,E,1104.0,1564.0,1022.0,16000.0,
Dec-08,1,A,1840.0,3149.0,1840.0,7721.0,
Dec-08,1,B,1100.0,1411.0,1099.0,6501.0,
Dec-08,1,C,267.0,374.0,257.0,5212.0,
Dec-08,1,D,414.0,640.0,414.0,1102.0,
Dec-08,1,E,761.0,1337.0,747.0,7589.0,
Dec-08,2,A,1851.0,2788.0,1851.0,6200.0,8195.0
Dec-08,2,B,1102.0,1318.0,1102.0,2656.0,7390.0
Dec-08,2,C,264.0,373.0,260.0,4001.0,8616.0
Dec-08,2,D,414.0,538.0,412.0,1059.0,1364.0
Dec-08,2,E,759.0,1138.0,754.0,6509.0,
Dec-09,1,A,1151.0,1658.0,1146.0,18502.0,
Dec-09,1,B,692.0,857.0,690.0,19003.0,
Dec-09,1,C,167.0,334.0,159.0,18289.0,
Dec-09,1,D,393.0,515.0,383.0,854.0,
Dec-09,1,E,589.0,850.0,585.0,18509.0,
Dec-09,2,A,1150.0,1465.0,1145.0,18150.0,17615.0
Dec-09,2,B,697.0,816.0,665.0,17889.0,18484.0
Dec-09,2,C,181.0,283.0,165.0,17900.0,18330.0
Dec-09,2,D,363.0,447.0,348.0,851.0,882.0
Dec-09,2,E,582.0,1005.0,575.0,17889.0,
Dec-10,1,A,598.0,1020.0,582.0,47604.0,
Dec-10,1,B,479.0,1034.0,477.0,62502.0,
Dec-10,1,C,208.0,294.0,207.0,32001.0,
Dec-10,1,D,337.0,410.0,329.0,1701.0,
Dec-10,1,E,313.0,674.0,313.0,64900.0,
Dec-10,2,A,617.0,755.0,607.0,46129.0,38714.0
Dec-10,2,B,499.0,872.0,494.0,72001.0,52550.0
Dec-10,2,C,208.0,300.0,205.0,33501.0,31519.0
Dec-10,2,D,369.0,406.0,362.0,1551.0,1567.0
Dec-10,2,E,311.0,463.0,302.0,76102.0,
Dec-11,1,A,549.0,781.0,543.0,52392.0,
Dec-11,1,B,354.0,474.0,351.0,72350.0,
Dec-11,1,C,242.0,334.0,242.0,40009.0,
Dec-11,1,D,416.0,451.0,415.0,1902.0,
Dec-11,1,E,349.0,489.0,335.0,74340.0,
Dec-11,2,A,566.0,878.0,457.0,50001.0,53280.0
Dec-11,2,B,368.0,464.0,368.0,70003.0,72697.0
Dec-11,2,C,249.0,361.0,249.0,39589.0,38401.0
Dec-11,2,D,392.0,456.0,386.0,1481.0,1909.0
Dec-11,2,E,334.0,521.0,285.0,71000.0,
Dec-12,1,A,395.0,482.0,378.0,78523.0,
Dec-12,1,B,350.0,493.0,337.0,90200.0,
Dec-12,1,C,181.0,281.0,168.0,63035.0,
Dec-12,1,D,450.0,602.0,435.0,1612.0,
Dec-12,1,E,246.0,329.0,233.0,97000.0,
Dec-12,2,A,395.0,499.0,378.0,81889.0,75818.0
Dec-12,2,B,360.0,478.0,360.0,93501.0,89152.0
Dec-12,2,C,182.0,242.0,178.0,62201.0,59746.0
Dec-12,2,D,454.0,522.0,440.0,1701.0,1799.0
Dec-12,2,E,250.0,406.0,241.0,95990.0,
Dec-13,1,A,364.0,591.0,364.0,73160.0,
Dec-13,1,B,373.0,549.0,360.0,73010.0,
Dec-13,1,C,258.0,359.0,257.0,51112.0,
Dec-13,1,D,481.0,647.0,473.0,1782.0,
Dec-13,1,E,264.0,365.0,264.0,76901.0,
Dec-13,2,A,367.0,574.0,363.0,74002.0,76109.0
Dec-13,2,B,377.0,500.0,357.0,75700.0,82333.0
Dec-13,2,C,263.0,338.0,256.0,48001.0,58989.0
Dec-13,2,D,524.0,680.0,501.0,1812.0,1797.0
Dec-13,2,E,268.0,375.0,268.0,77501.0,
Dec-14,1,A,709.0,996.0,703.0,67089.0,
Dec-14,1,B,584.0,873.0,582.0,74389.0,
Dec-14,1,C,141.0,196.0,126.0,60001.0,
Dec-14,1,D,318.0,392.0,314.0,4210.0,
Dec-14,1,E,265.0,370.0,257.0,76904.0,
Dec-14,2,A,705.0,868.0,699.0,65889.0,65607.0
Dec-14,2,B,579.0,755.0,572.0,74000.0,72726.0
Dec-14,2,C,149.0,268.0,149.0,52100.0,59866.0
Dec-14,2,D,319.0,367.0,270.0,4312.0,4369.0
Dec-14,2,E,264.0,446.0,264.0,73990.0,
Dec-15,1,A,1698.0,2132.0,1696.0,56989.0,
Dec-15,1,B,1031.0,1324.0,1028.0,60001.0,
Dec-15,1,C,241.0,345.0,236.0,48101.0,
Dec-15,1,D,355.0,414.0,354.0,6501.0,
Dec-15,1,E,364.0,495.0,362.0,60003.0,
Dec-15,2,A,1669.0,1978.0,1667.0,54301.0,56633.0
Dec-15,2,B,1027.0,1200.0,1025.0,55001.0,58615.0
Dec-15,2,C,244.0,311.0,243.0,46001.0,45166.0
Dec-15,2,D,332.0,394.0,332.0,6600.0,6337.0
Dec-15,2,E,360.0,512.0,360.0,57501.0,
Dec-16,1,A,1844.0,2335.0,1812.0,48000.0,
Dec-16,1,B,1245.0,1494.0,1237.0,46229.0,
Dec-16,1,C,185.0,262.0,183.0,51209.0,
Dec-16,1,D,374.0,436.0,368.0,6113.0,
Dec-16,1,E,413.0,643.0,411.0,50010.0,
Dec-16,2,A,1844.0,2554.0,1843.0,49751.0,50645.0
Dec-16,2,B,1244.0,2052.0,1242.0,51109.0,52660.0
Dec-16,2,C,182.0,274.0,176.0,49500.0,48668.0
Dec-16,2,D,415.0,484.0,408.0,6101.0,6241.0
Dec-16,2,E,404.0,668.0,404.0,50389.0,
Dec-17,1,A,1680.0,2158.0,1667.0,42339.0,
Dec-17,1,B,1375.0,1805.0,1375.0,53711.0,
Dec-17,1,C,285.0,454.0,279.0,42000.0,
Dec-17,1,D,516.0,791.0,500.0,6552.0,
Dec-17,1,E,542.0,831.0,537.0,54334.0,
Dec-17,2,A,1687.0,1970.0,1654.0,38200.0,42970.0
Dec-17,2,B,1374.0,1634.0,1367.0,47002.0,52271.0
Dec-17,2,C,246.0,482.0,232.0,45112.0,50607.0
Dec-17,2,D,514.0,743.0,458.0,7501.0,5910.0
Dec-17,2,E,531.0,1003.0,529.0,48011.0,
Dec-18,1,A,1878.0,2177.0,1878.0,23568.0,
Dec-18,1,B,1239.0,1780.0,1230.0,31001.0,
Dec-18,1,C,329.0,489.0,328.0,27009.0,
Dec-18,1,D,1121.0,1483.0,1113.0,3399.0,
Dec-18,1,E,552.0,1021.0,546.0,30851.0,
Dec-18,2,A,1890.0,2729.0,1887.0,25501.0,26047.0
Dec-18,2,B,1243.0,1804.0,1235.0,31001.0,31335.0
Dec-18,2,C,333.0,503.0,318.0,27001.0,28171.0
Dec-18,2,D,1114.0,1375.0,1114.0,3789.0,3458.0
Dec-18,2,E,545.0,778.0,545.0,31809.0,
Dec-19,1,A,1030.0,1386.0,1013.0,33009.0,
Dec-19,1,B,1013.0,1265.0,1003.0,37900.0,
Dec-19,1,C,318.0,402.0,315.0,23704.0,
Dec-19,1,D,693.0,908.0,678.0,3789.0,
Dec-19,1,E,384.0,518.0,377.0,38889.0,
Dec-19,2,A,1029.0,1256.0,1013.0,32889.0,32368.0
Dec-19,2,B,1015.0,1251.0,1015.0,36000.0,39463.0
Dec-19,2,C,318.0,441.0,307.0,23200.0,24885.0
Dec-19,2,D,697.0,850.0,696.0,3658.0,3860.0
Dec-19,2,E,384.0,496.0,373.0,37989.0,
Dec-20,1,A,978.0,1620.0,978.0,40714.0,
Dec-20,1,B,1035.0,1712.0,1019.0,45012.0,
Dec-20,1,C,368.0,599.0,363.0,32889.0,
Dec-20,1,D,526.0,767.0,522.0,7670.0,
Dec-20,1,E,464.0,722.0,461.0,45510.0,
Dec-20,2,A,969.0,1403.0,966.0,40556.0,38137.0
Dec-20,2,B,1009.0,1631.0,998.0,49300.0,42683.0
Dec-20,2,C,369.0,640.0,355.0,35201.0,32799.0
Dec-20,2,D,530.0,710.0,507.0,7689.0,7444.0
Dec-20,2,E,471.0,688.0,469.0,49500.0,
Dec-21,1,A,536.0,771.0,525.0,57010.0,
Dec-21,1,B,593.0,822.0,593.0,80401.0,
Dec-21,1,C,93.0,147.0,93.0,45000.0,
Dec-21,1,D,420.0,584.0,400.0,9401.0,
Dec-21,1,E,149.0,245.0,145.0,85000.0,
Dec-21,2,A,534.0,740.0,534.0,58801.0,54039.0
Dec-21,2,B,595.0,829.0,590.0,80989.0,79034.0
Dec-21,2,C,90.0,150.0,89.0,44000.0,42316.0
Dec-21,2,D,426.0,562.0,422.0,9601.0,9355.0
Dec-21,2,E,177.0,241.0,177.0,83889.0,
Dec-22,1,A,458.0,616.0,454.0,88503.0,
Dec-22,1,B,427.0,568.0,426.0,105501.0,
Dec-22,1,C,69.0,118.0,68.0,81501.0,
Dec-22,1,D,441.0,544.0,437.0,12100.0,
Dec-22,1,E,149.0,266.0,148.0,110524.0,
Dec-22,2,A,473.0,618.0,472.0,88007.0,85988.0
Dec-22,2,B,409.0,564.0,409.0,108006.0,108106.0
Dec-22,2,C,69.0,147.0,60.0,78200.0,75667.0
Dec-22,2,D,465.0,647.0,461.0,11690.0,12354.0
Dec-22,2,E,146.0,273.0,143.0,109600.0,
Dec-23,1,A,928.0,1233.0,923.0,88020.0,
Dec-23,1,B,638.0,933.0,638.0,130100.0,
Dec-23,1,C,193.0,346.0,188.0,71001.0,
Dec-23,1,D,529.0,731.0,527.0,9858.0,
Dec-23,1,E,145.0,287.0,136.0,133388.0,
Dec-23,2,A,919.0,1166.0,915.0,85000.0,93952.0
Dec-23,2,B,643.0,847.0,619.0,110001.0,130241.0
Dec-23,2,C,192.0,359.0,189.0,69423.0,77168.0
Dec-23,2,D,546.0,646.0,545.0,9002.0,10302.0
Dec-23,2,E,147.0,228.0,147.0,118388.0,
Dec-24,1,A,1037.0,1475.0,1034.0,94000.0,
Dec-24,1,B,689.0,866.0,689.0,103010.0,
Dec-24,1,C,262.0,418.0,249.0,70289.0,
Dec-24,1,D,517.0,570.0,516.0,7878.0,
Dec-24,1,E,179.0,326.0,167.0,104001.0,
Dec-24,2,A,1035.0,1506.0,998.0,96000.0,97747.0
Dec-24,2,B,676.0,987.0,667.0,109000.0,109164.0
Dec-24,2,C,255.0,400.0,255.0,69890.0,70912.0
Dec-24,2,D,519.0,641.0,504.0,8381.0,8935.0
Dec-24,2,E,182.0,330.0,170.0,108992.0,
Feb-02,1,A,1473.0,4834.0,1450.0,30003.0,
Feb-02,1,B,651.0,2240.0,651.0,30660.0,
Feb-02,1,C,398.0,1229.0,393.0,24202.0,
Feb-02,1,D,612.0,1346.0,612.0,630.0,
Feb-02,1,E,805.0,2511.0,804.0,30688.0,
Feb-02,2,A,1467.0,2450.0,1466.0,29997.0,29446.0
Feb-02,2,B,649.0,965.0,647.0,30289.0,31165.0
Feb-02,2,C,415.0,647.0,415.0,22983.0,23950.0
Feb-02,2,D,647.0,757.0,630.0,559.0,608.0
Feb-02,2,E,813.0,1391.0,800.0,30689.0,
Feb-03,1,A,1339.0,2405.0,1339.0,31003.0,
Feb-03,1,B,663.0,1342.0,656.0,33657.0,
Feb-03,1,C,582.0,864.0,578.0,12586.0,
Feb-03,1,D,877.0,408.0,408.0,1.0,
Feb-03,1,E,1090.0,1906.0,1090.0,33901.0,
Feb-03,2,A,1340.0,2251.0,1335.0,29999.0,28581.0
Feb-03,2,B,663.0,1148.0,659.0,30699.0,28277.0
Feb-03,2,C,570.0,786.0,570.0,11201.0,11892.0
Feb-03,2,D,1051.0,834.0,834.0,1.0,2.0
Feb-03,2,E,1090.0,1517.0,1084.0,30100.0,
Feb-04,1,A,1917.0,2701.0,1905.0,24489.0,
Feb-04,1,B,1156.0,1474.0,1149.0,23508.0,
Feb-04,1,C,688.0,804.0,688.0,5497.0,
Feb-04,1,D,557.0,816.0,554.0,189.0,
Feb-04,1,E,1170.0,1678.0,1164.0,24016.0,
Feb-04,2,A,1925.0,2534.0,1917.0,24389.0,24222.0
Feb-04,2,B,1162.0,1404.0,1158.0,22001.0,23036.0
Feb-04,2,C,689.0,802.0,678.0,5700.0,6045.0
Feb-04,2,D,561.0,694.0,530.0,169.0,207.0
Feb-04,2,E,1154.0,1402.0,1150.0,23801.0,
Feb-05,1,A,2514.0,3394.0,2511.0,18200.0,
Feb-05,1,B,1137.0,1450.0,1137.0,16533.0,
Feb-05,1,C,673.0,850.0,672.0,4301.0,
Feb-05,1,D,572.0,605.0,554.0,224.0,
Feb-05,1,E,1337.0,1809.0,1335.0,17300.0,
Feb-05,2,A,2518.0,3140.0,2511.0,18159.0,19474.0
Feb-05,2,B,1140.0,1443.0,1137.0,16891.0,17823.0
Feb-05,2,C,672.0,794.0,667.0,4499.0,4309.0
Feb-05,2,D,503.0,830.0,444.0,512.0,511.0
Feb-05,2,E,1372.0,2168.0,1348.0,17999.0,
Feb-06,1,A,2794.0,5517.0,2787.0,10284.0,
Feb-06,1,B,1265.0,1726.0,1262.0,9501.0,
Feb-06,1,C,593.0,841.0,585.0,7296.0,
Feb-06,1,D,508.0,644.0,499.0,452.0,
Feb-06,1,E,1397.0,1785.0,1397.0,9275.0,
Feb-06,2,A,2787.0,5030.0,2779.0,10103.0,10797.0
Feb-06,2,B,1274.0,1866.0,1271.0,10489.0,10583.0
Feb-06,2,C,588.0,759.0,585.0,8313.0,6886.0
Feb-06,2,D,507.0,599.0,505.0,495.0,489.0
Feb-06,2,E,1397.0,2080.0,1396.0,10400.0,
Feb-07,1,A,2673.0,3005.0,2654.0,11489.0,
Feb-07,1,B,1272.0,1449.0,1267.0,12152.0,
Feb-07,1,C,679.0,506.0,506.0,1.0,
Feb-07,1,D,536.0,639.0,512.0,1001.0,
Feb-07,1,E,1290.0,1784.0,1290.0,12721.0,
Feb-07,2,A,2670.0,2823.0,2670.0,5200.0,10347.0
Feb-07,2,B,1272.0,1382.0,1269.0,6002.0,11739.0
Feb-07,2,C,665.0,337.0,337.0,1.0,86.0
Feb-07,2,D,483.0,626.0,479.0,901.0,1128.0
Feb-07,2,E,1301.0,1686.0,1293.0,11804.0,
Feb-08,1,A,2167.0,3005.0,2155.0,12002.0,
Feb-08,1,B,1133.0,1454.0,1133.0,13209.0,
Feb-08,1,C,357.0,551.0,350.0,13001.0,
Feb-08,1,D,441.0,648.0,438.0,999.0,
Feb-08,1,E,1093.0,1786.0,1092.0,13301.0,
Feb-08,2,A,2291.0,2923.0,2288.0,12856.0,12819.0
Feb-08,2,B,1125.0,1632.0,1120.0,15510.0,14486.0
Feb-08,2,C,349.0,478.0,345.0,15002.0,13060.0
Feb-08,2,D,469.0,681.0,469.0,951.0,994.0
Feb-08,2,E,1106.0,1692.0,1105.0,15110.0,
Feb-09,1,A,1894.0,2077.0,1894.0,1020.0,
Feb-09,1,B,1099.0,1231.0,1097.0,689.0,
Feb-09,1,C,264.0,350.0,264.0,2590.0,
Feb-09,1,D,417.0,674.0,406.0,701.0,
Feb-09,1,E,756.0,1225.0,746.0,3000.0,
Feb-09,2,A,1846.0,2722.0,1842.0,4460.0,4516.0
Feb-09,2,B,1101.0,1675.0,1090.0,4889.0,3004.0
Feb-09,2,C,272.0,403.0,271.0,4190.0,3733.0
Feb-09,2,D,434.0,650.0,434.0,801.0,928.0
Feb-09,2,E,762.0,1507.0,746.0,5889.0,
Feb-10,1,A,1154.0,1326.0,1153.0,19989.0,
Feb-10,1,B,693.0,930.0,690.0,23180.0,
Feb-10,1,C,165.0,250.0,162.0,21390.0,
Feb-10,1,D,371.0,525.0,349.0,852.0,
Feb-10,1,E,601.0,1069.0,596.0,22401.0,
Feb-10,2,A,1148.0,1493.0,1148.0,20340.0,19331.0
Feb-10,2,B,685.0,956.0,658.0,23889.0,20926.0
Feb-10,2,C,173.0,285.0,170.0,23501.0,20029.0
Feb-10,2,D,363.0,472.0,355.0,1001.0,884.0
Feb-10,2,E,590.0,1255.0,587.0,24229.0,
Feb-11,1,A,523.0,1146.0,501.0,37124.0,
Feb-11,1,B,431.0,640.0,431.0,53400.0,
Feb-11,1,C,275.0,356.0,275.0,28589.0,
Feb-11,1,D,328.0,417.0,328.0,1819.0,
Feb-11,1,E,333.0,648.0,326.0,58890.0,
Feb-11,2,A,511.0,788.0,494.0,42999.0,42145.0
Feb-11,2,B,424.0,726.0,423.0,62000.0,62969.0
Feb-11,2,C,287.0,368.0,282.0,29011.0,31369.0
Feb-11,2,D,330.0,461.0,294.0,2001.0,1711.0
Feb-11,2,E,336.0,558.0,335.0,62001.0,
Feb-12,1,A,619.0,1058.0,571.0,52809.0,
Feb-12,1,B,350.0,635.0,346.0,73890.0,
Feb-12,1,C,162.0,307.0,158.0,49801.0,
Feb-12,1,D,412.0,512.0,409.0,1802.0,
Feb-12,1,E,312.0,425.0,312.0,73801.0,
Feb-12,2,A,624.0,1017.0,607.0,57009.0,51202.0
Feb-12,2,B,351.0,580.0,348.0,78189.0,71354.0
Feb-12,2,C,164.0,248.0,149.0,52004.0,44018.0
Feb-12,2,D,413.0,509.0,389.0,2012.0,1739.0
Feb-12,2,E,314.0,507.0,296.0,78000.0,
Feb-13,1,A,335.0,418.0,333.0,87109.0,
Feb-13,1,B,302.0,431.0,278.0,92901.0,
Feb-13,1,C,230.0,316.0,230.0,54989.0,
Feb-13,1,D,506.0,637.0,502.0,1782.0,
Feb-13,1,E,238.0,295.0,221.0,94890.0,
Feb-13,2,A,333.0,427.0,329.0,78301.0,84822.0
Feb-13,2,B,303.0,409.0,299.0,92667.0,93497.0
Feb-13,2,C,225.0,285.0,225.0,53489.0,58461.0
Feb-13,2,D,506.0,589.0,469.0,1512.0,1721.0
Feb-13,2,E,241.0,370.0,200.0,91910.0,
Feb-14,1,A,362.0,719.0,356.0,71564.0,
Feb-14,1,B,360.0,523.0,360.0,75300.0,
Feb-14,1,C,267.0,364.0,264.0,51002.0,
Feb-14,1,D,361.0,550.0,353.0,3051.0,
Feb-14,1,E,208.0,351.0,205.0,77003.0,
Feb-14,2,A,362.0,700.0,358.0,77201.0,73431.0
Feb-14,2,B,355.0,519.0,353.0,78604.0,76719.0
Feb-14,2,C,277.0,392.0,273.0,52890.0,50316.0
Feb-14,2,D,360.0,478.0,359.0,3501.0,2474.0
Feb-14,2,E,193.0,321.0,191.0,79000.0,
Feb-15,1,A,992.0,1295.0,991.0,62002.0,
Feb-15,1,B,724.0,959.0,723.0,70890.0,
Feb-15,1,C,185.0,311.0,183.0,52101.0,
Feb-15,1,D,287.0,384.0,283.0,5504.0,
Feb-15,1,E,181.0,288.0,181.0,71921.0,
Feb-15,2,A,988.0,1294.0,988.0,57199.0,63865.0
Feb-15,2,B,722.0,1037.0,721.0,66751.0,73035.0
Feb-15,2,C,185.0,333.0,185.0,53202.0,54572.0
Feb-15,2,D,291.0,396.0,290.0,5800.0,4853.0
Feb-15,2,E,193.0,373.0,193.0,67901.0,
Feb-16,1,A,2038.0,2972.0,2033.0,46651.0,
Feb-16,1,B,1216.0,1624.0,1216.0,38610.0,
Feb-16,1,C,164.0,229.0,164.0,45036.0,
Feb-16,1,D,368.0,495.0,368.0,6503.0,
Feb-16,1,E,446.0,824.0,443.0,44001.0,
Feb-16,2,A,2049.0,2965.0,2025.0,43000.0,49541.0
Feb-16,2,B,1208.0,2898.0,1197.0,46970.0,50932.0
Feb-16,2,C,165.0,239.0,160.0,45001.0,45447.0
Feb-16,2,D,362.0,454.0,361.0,6353.0,6560.0
Feb-16,2,E,456.0,873.0,450.0,45009.0,
Feb-17,1,A,2060.0,2691.0,2051.0,48401.0,
Feb-17,1,B,1366.0,1783.0,1352.0,48209.0,
Feb-17,1,C,164.0,268.0,155.0,48901.0,
Feb-17,1,D,348.0,534.0,326.0,6412.0,
Feb-17,1,E,488.0,805.0,488.0,48556.0,
Feb-17,2,A,2133.0,2926.0,2089.0,49430.0,49429.0
Feb-17,2,B,1377.0,2126.0,1377.0,50621.0,50347.0
Feb-17,2,C,174.0,249.0,171.0,49810.0,48788.0
Feb-17,2,D,392.0,753.0,384.0,6801.0,6256.0
Feb-17,2,E,500.0,800.0,483.0,51000.0,
Feb-18,1,A,1557.0,2389.0,1534.0,40000.0,
Feb-18,1,B,1396.0,1831.0,1396.0,42322.0,
Feb-18,1,C,249.0,486.0,249.0,38303.0,
Feb-18,1,D,624.0,933.0,608.0,8451.0,
Feb-18,1,E,566.0,790.0,562.0,39903.0,
Feb-18,2,A,1562.0,2073.0,1561.0,36810.0,39274.0
Feb-18,2,B,1391.0,1744.0,1379.0,39000.0,44998.0
Feb-18,2,C,257.0,489.0,256.0,36859.0,40230.0
Feb-18,2,D,577.0,1073.0,568.0,7667.0,7646.0
Feb-18,2,E,586.0,1216.0,581.0,38801.0,
Feb-19,1,A,1662.0,2371.0,1653.0,25689.0,
Feb-19,1,B,1202.0,1937.0,1169.0,34509.0,
Feb-19,1,C,326.0,466.0,324.0,26378.0,
Feb-19,1,D,834.0,1164.0,834.0,3709.0,
Feb-19,1,E,403.0,545.0,392.0,35310.0,
Feb-19,2,A,1650.0,2261.0,1650.0,26301.0,25525.0
Feb-19,2,B,1214.0,1993.0,1213.0,35403.0,33018.0
Feb-19,2,C,306.0,433.0,306.0,26914.0,26756.0
Feb-19,2,D,826.0,1100.0,817.0,3689.0,3515.0
Feb-19,2,E,407.0,658.0,407.0,36667.0,
Feb-20,1,A,982.0,1204.0,977.0,30010.0,
Feb-20,1,B,984.0,1173.0,980.0,30890.0,
Feb-20,1,C,314.0,504.0,314.0,25013.0,
Feb-20,1,D,578.0,821.0,562.0,4401.0,
Feb-20,1,E,335.0,525.0,330.0,34900.0,
Feb-20,2,A,982.0,1564.0,973.0,32999.0,33207.0
Feb-20,2,B,987.0,1459.0,978.0,32889.0,35416.0
Feb-20,2,C,352.0,561.0,219.0,25001.0,24387.0
Feb-20,2,D,577.0,729.0,574.0,4309.0,4126.0
Feb-20,2,E,328.0,550.0,324.0,33301.0,
Feb-21,1,A,885.0,1098.0,881.0,42000.0,
Feb-21,1,B,943.0,1107.0,943.0,46790.0,
Feb-21,1,C,276.0,510.0,276.0,45001.0,
Feb-21,1,D,572.0,705.0,572.0,7506.0,
Feb-21,1,E,300.0,435.0,300.0,49778.0,
Feb-21,2,A,903.0,1226.0,900.0,41001.0,41397.0
Feb-21,2,B,942.0,1168.0,938.0,46002.0,47701.0
Feb-21,2,C,259.0,424.0,223.0,40890.0,38480.0
Feb-21,2,D,554.0,715.0,554.0,7500.0,7576.0
Feb-21,2,E,304.0,503.0,302.0,47506.0,
Feb-22,1,A,542.0,819.0,542.0,60761.0,
Feb-22,1,B,550.0,865.0,549.0,86102.0,
Feb-22,1,C,80.0,149.0,80.0,44001.0,
Feb-22,1,D,406.0,555.0,405.0,10010.0,
Feb-22,1,E,180.0,269.0,171.0,87000.0,
Feb-22,2,A,536.0,876.0,524.0,63000.0,59179.0
Feb-22,2,B,559.0,939.0,554.0,93590.0,83464.0
Feb-22,2,C,76.0,194.0,61.0,46501.0,44118.0
Feb-22,2,D,420.0,521.0,416.0,10589.0,9882.0
Feb-22,2,E,180.0,300.0,180.0,93102.0,
Feb-23,1,A,509.0,663.0,497.0,86000.0,
Feb-23,1,B,430.0,580.0,430.0,105524.0,
Feb-23,1,C,44.0,108.0,44.0,85119.0,
Feb-23,1,D,477.0,594.0,475.0,11602.0,
Feb-23,1,E,129.0,229.0,126.0,105002.0,
Feb-23,2,A,508.0,702.0,504.0,86556.0,85845.0
Feb-23,2,B,436.0,768.0,401.0,115001.0,106916.0
Feb-23,2,C,47.0,136.0,40.0,87790.0,81170.0
Feb-23,2,D,479.0,611.0,453.0,12189.0,11596.0
Feb-23,2,E,132.0,274.0,129.0,118001.0,
Feb-24,1,A,938.0,1931.0,910.0,79000.0,
Feb-24,1,B,655.0,1163.0,596.0,102338.0,
Feb-24,1,C,196.0,366.0,191.0,72001.0,
Feb-24,1,D,530.0,717.0,528.0,9290.0,
Feb-24,1,E,163.0,305.0,159.0,100101.0,
Feb-24,2,A,937.0,1909.0,936.0,76801.0,79237.0
Feb-24,2,B,649.0,1034.0,642.0,97000.0,106075.0
Feb-24,2,C,199.0,374.0,192.0,73001.0,70171.0
Feb-24,2,D,548.0,689.0,548.0,8911.0,9248.0
Feb-24,2,E,158.0,271.0,156.0,94006.0,
Jan-03,1,A,1342.0,2153.0,1335.0,28489.0,
Jan-03,1,B,707.0,1128.0,707.0,29099.0,
Jan-03,1,C,577.0,1017.0,566.0,13101.0,
Jan-03,1,D,840.0,795.0,795.0,1.0,
Jan-03,1,E,1094.0,1645.0,1094.0,29001.0,
Jan-03,2,A,1333.0,1651.0,1325.0,26499.0,28101.0
Jan-03,2,B,662.0,919.0,661.0,25028.0,26829.0
Jan-03,2,C,605.0,814.0,605.0,11910.0,12725.0
Jan-03,2,D,1088.0,868.0,868.0,1.0,3.0
Jan-03,2,E,1099.0,1515.0,1099.0,27416.0,
Jan-04,1,A,1919.0,2549.0,1913.0,23801.0,
Jan-04,1,B,1158.0,1516.0,1158.0,24293.0,
Jan-04,1,C,688.0,808.0,688.0,6119.0,
Jan-04,1,D,562.0,892.0,562.0,251.0,
Jan-04,1,E,1162.0,1655.0,1145.0,24019.0,
Jan-04,2,A,1912.0,2616.0,1898.0,24001.0,24920.0
Jan-04,2,B,1160.0,1468.0,1154.0,22002.0,24031.0
Jan-04,2,C,717.0,956.0,716.0,5502.0,6892.0
Jan-04,2,D,700.0,1116.0,695.0,210.0,218.0
Jan-04,2,E,1152.0,1724.0,1150.0,22801.0,
Jan-05,1,A,2513.0,2677.0,2512.0,18400.0,
Jan-05,1,B,1139.0,1311.0,1139.0,14002.0,
Jan-05,1,C,672.0,790.0,671.0,3710.0,
Jan-05,1,D,499.0,598.0,426.0,552.0,
Jan-05,1,E,1336.0,1725.0,1335.0,19295.0,
Jan-05,2,A,2513.0,3793.0,2508.0,19501.0,20830.0
Jan-05,2,B,1148.0,1834.0,1145.0,19502.0,19186.0
Jan-05,2,C,681.0,830.0,681.0,4189.0,4642.0
Jan-05,2,D,527.0,765.0,523.0,511.0,599.0
Jan-05,2,E,1338.0,1890.0,1301.0,19002.0,
Jan-06,1,A,2787.0,3076.0,2778.0,10602.0,
Jan-06,1,B,1277.0,1876.0,1277.0,11602.0,
Jan-06,1,C,607.0,676.0,602.0,5889.0,
Jan-06,1,D,513.0,575.0,511.0,479.0,
Jan-06,1,E,1403.0,1859.0,1401.0,11701.0,
Jan-06,2,A,2785.0,3213.0,2783.0,8009.0,12183.0
Jan-06,2,B,1275.0,1483.0,1266.0,9603.0,12193.0
Jan-06,2,C,595.0,826.0,594.0,6302.0,7217.0
Jan-06,2,D,531.0,664.0,530.0,401.0,528.0
Jan-06,2,E,1402.0,1655.0,1399.0,9801.0,
Jan-07,1,A,2668.0,3686.0,2663.0,11704.0,
Jan-07,1,B,1271.0,1460.0,1268.0,13001.0,
Jan-07,1,C,509.0,338.0,338.0,1.0,
Jan-07,1,D,459.0,759.0,370.0,1214.0,
Jan-07,1,E,1304.0,1863.0,1296.0,13301.0,
Jan-07,2,A,2671.0,3155.0,2670.0,11881.0,11843.0
Jan-07,2,B,1301.0,1446.0,1298.0,12000.0,13434.0
Jan-07,2,C,525.0,367.0,367.0,1.0,864.0
Jan-07,2,D,453.0,690.0,417.0,1189.0,1128.0
Jan-07,2,E,1369.0,1832.0,1350.0,12599.0,
Jan-08,1,A,2162.0,2553.0,2154.0,14052.0,
Jan-08,1,B,1172.0,1556.0,1164.0,15989.0,
Jan-08,1,C,352.0,446.0,340.0,13000.0,
Jan-08,1,D,475.0,527.0,473.0,1101.0,
Jan-08,1,E,1094.0,1658.0,1088.0,15601.0,
Jan-08,2,A,2231.0,2611.0,2098.0,12001.0,13883.0
Jan-08,2,B,1144.0,1328.0,1144.0,13289.0,15433.0
Jan-08,2,C,349.0,424.0,345.0,12501.0,13291.0
Jan-08,2,D,443.0,550.0,413.0,1012.0,1062.0
Jan-08,2,E,1169.0,1829.0,1150.0,13801.0,
Jan-09,1,A,1839.0,2541.0,1784.0,5001.0,
Jan-09,1,B,1100.0,1332.0,1100.0,3089.0,
Jan-09,1,C,274.0,344.0,274.0,3502.0,
Jan-09,1,D,409.0,583.0,401.0,1000.0,
Jan-09,1,E,767.0,1118.0,763.0,5701.0,
Jan-09,2,A,1839.0,2109.0,1832.0,2693.0,5346.0
Jan-09,2,B,1099.0,1179.0,1097.0,200.0,4273.0
Jan-09,2,C,268.0,320.0,260.0,2900.0,5116.0
Jan-09,2,D,411.0,606.0,386.0,900.0,1097.0
Jan-09,2,E,758.0,1025.0,748.0,3200.0,
Jan-10,1,A,1152.0,1342.0,1145.0,18502.0,
Jan-10,1,B,687.0,883.0,679.0,19190.0,
Jan-10,1,C,173.0,265.0,173.0,19001.0,
Jan-10,1,D,373.0,509.0,365.0,889.0,
Jan-10,1,E,586.0,1011.0,567.0,19889.0,
Jan-10,2,A,1151.0,1673.0,1149.0,20501.0,18266.0
Jan-10,2,B,717.0,1105.0,717.0,22400.0,19146.0
Jan-10,2,C,181.0,280.0,173.0,20090.0,18212.0
Jan-10,2,D,378.0,551.0,378.0,852.0,867.0
Jan-10,2,E,588.0,1322.0,579.0,21899.0,
Jan-11,1,A,614.0,1192.0,602.0,38889.0,
Jan-11,1,B,481.0,790.0,474.0,69000.0,
Jan-11,1,C,205.0,294.0,205.0,35111.0,
Jan-11,1,D,340.0,398.0,337.0,1503.0,
Jan-11,1,E,309.0,475.0,305.0,75789.0,
Jan-11,2,A,607.0,1091.0,606.0,40123.0,40958.0
Jan-11,2,B,483.0,700.0,482.0,58910.0,59301.0
Jan-11,2,C,207.0,272.0,196.0,30000.0,32137.0
Jan-11,2,D,339.0,458.0,335.0,1690.0,1567.0
Jan-11,2,E,319.0,433.0,312.0,67009.0,
Jan-12,1,A,554.0,901.0,554.0,46889.0,
Jan-12,1,B,356.0,511.0,356.0,65801.0,
Jan-12,1,C,242.0,357.0,239.0,38699.0,
Jan-12,1,D,388.0,434.0,386.0,1682.0,
Jan-12,1,E,344.0,530.0,341.0,65700.0,
Jan-12,2,A,657.0,903.0,652.0,48112.0,51380.0
Jan-12,2,B,353.0,537.0,351.0,67889.0,71731.0
Jan-12,2,C,241.0,405.0,236.0,44001.0,40549.0
Jan-12,2,D,393.0,517.0,390.0,1552.0,1753.0
Jan-12,2,E,380.0,538.0,375.0,67101.0,
Jan-13,1,A,410.0,555.0,409.0,92100.0,
Jan-13,1,B,363.0,470.0,363.0,96210.0,
Jan-13,1,C,193.0,244.0,188.0,60000.0,
Jan-13,1,D,462.0,523.0,462.0,1933.0,
Jan-13,1,E,256.0,393.0,256.0,96101.0,
Jan-13,2,A,409.0,489.0,409.0,91010.0,83003.0
Jan-13,2,B,351.0,452.0,351.0,95501.0,93470.0
Jan-13,2,C,184.0,262.0,184.0,57051.0,60273.0
Jan-13,2,D,461.0,530.0,461.0,1781.0,1780.0
Jan-13,2,E,251.0,344.0,248.0,97889.0,
Jan-14,1,A,364.0,623.0,361.0,72369.0,
Jan-14,1,B,386.0,581.0,377.0,78700.0,
Jan-14,1,C,258.0,337.0,252.0,48889.0,
Jan-14,1,D,489.0,542.0,487.0,1989.0,
Jan-14,1,E,261.0,392.0,244.0,79000.0,
Jan-14,2,A,368.0,724.0,364.0,72290.0,73237.0
Jan-14,2,B,393.0,512.0,388.0,79000.0,78382.0
Jan-14,2,C,264.0,356.0,249.0,50001.0,51418.0
Jan-14,2,D,503.0,796.0,503.0,2704.0,1952.0
Jan-14,2,E,261.0,373.0,259.0,78810.0,
Jan-15,1,A,704.0,940.0,698.0,66010.0,
Jan-15,1,B,571.0,833.0,570.0,75289.0,
Jan-15,1,C,156.0,296.0,155.0,55011.0,
Jan-15,1,D,321.0,374.0,319.0,4403.0,
Jan-15,1,E,272.0,386.0,265.0,75200.0,
Jan-15,2,A,705.0,1068.0,703.0,65001.0,66130.0
Jan-15,2,B,576.0,915.0,576.0,76889.0,74058.0
Jan-15,2,C,140.0,247.0,139.0,55012.0,58471.0
Jan-15,2,D,366.0,509.0,360.0,4889.0,4383.0
Jan-15,2,E,264.0,431.0,246.0,76790.0,
Jan-16,1,A,1659.0,2013.0,1649.0,45002.0,
Jan-16,1,B,1027.0,1262.0,1019.0,54920.0,
Jan-16,1,C,246.0,353.0,245.0,42036.0,
Jan-16,1,D,328.0,409.0,317.0,6889.0,
Jan-16,1,E,362.0,498.0,361.0,55089.0,
Jan-16,2,A,1659.0,3437.0,1638.0,51301.0,53799.0
Jan-16,2,B,1026.0,1334.0,1026.0,50089.0,56436.0
Jan-16,2,C,242.0,387.0,239.0,46502.0,45390.0
Jan-16,2,D,327.0,415.0,322.0,6512.0,6486.0
Jan-16,2,E,360.0,713.0,350.0,51000.0,
Jan-17,1,A,1877.0,2260.0,1870.0,50101.0,
Jan-17,1,B,1252.0,1835.0,1243.0,53106.0,
Jan-17,1,C,183.0,271.0,180.0,46302.0,
Jan-17,1,D,376.0,438.0,374.0,6053.0,
Jan-17,1,E,401.0,648.0,394.0,53001.0,
Jan-17,2,A,1846.0,2437.0,1766.0,50889.0,50394.0
Jan-17,2,B,1246.0,1967.0,1226.0,52807.0,52077.0
Jan-17,2,C,186.0,254.0,173.0,47001.0,48503.0
Jan-17,2,D,377.0,412.0,331.0,6052.0,6141.0
Jan-17,2,E,400.0,662.0,381.0,52600.0,
Jan-18,1,A,1693.0,2264.0,1693.0,41400.0,
Jan-18,1,B,1374.0,1811.0,1368.0,45289.0,
Jan-18,1,C,249.0,458.0,247.0,40101.0,
Jan-18,1,D,525.0,919.0,413.0,7701.0,
Jan-18,1,E,518.0,923.0,518.0,47390.0,
Jan-18,2,A,1713.0,1938.0,1708.0,36890.0,42122.0
Jan-18,2,B,1381.0,1654.0,1380.0,42661.0,50578.0
Jan-18,2,C,257.0,399.0,247.0,39000.0,46992.0
Jan-18,2,D,565.0,786.0,500.0,8001.0,6875.0
Jan-18,2,E,515.0,817.0,495.0,44000.0,
Jan-19,1,A,1815.0,2707.0,1804.0,25920.0,
Jan-19,1,B,1245.0,1818.0,1242.0,32200.0,
Jan-19,1,C,330.0,472.0,308.0,27002.0,
Jan-19,1,D,1112.0,1396.0,1103.0,3610.0,
Jan-19,1,E,546.0,776.0,540.0,32909.0,
Jan-19,2,A,1818.0,2864.0,1818.0,26170.0,25727.0
Jan-19,2,B,1244.0,2119.0,1230.0,33989.0,31933.0
Jan-19,2,C,344.0,537.0,342.0,26230.0,27376.0
Jan-19,2,D,1104.0,1473.0,1104.0,2889.0,3198.0
Jan-19,2,E,540.0,797.0,530.0,33689.0,
Jan-20,1,A,1035.0,1450.0,1026.0,35320.0,
Jan-20,1,B,1022.0,1229.0,1021.0,37109.0,
Jan-20,1,C,321.0,457.0,321.0,24402.0,
Jan-20,1,D,707.0,1084.0,706.0,3989.0,
Jan-20,1,E,384.0,541.0,377.0,38000.0,
Jan-20,2,A,1034.0,1390.0,1025.0,35010.0,33038.0
Jan-20,2,B,1012.0,1157.0,1008.0,37705.0,38071.0
Jan-20,2,C,329.0,504.0,292.0,25001.0,24367.0
Jan-20,2,D,693.0,936.0,693.0,4610.0,4012.0
Jan-20,2,E,388.0,528.0,388.0,37500.0,
Jan-21,1,A,963.0,1280.0,962.0,40609.0,
Jan-21,1,B,1023.0,1396.0,1021.0,49001.0,
Jan-21,1,C,372.0,679.0,352.0,35900.0,
Jan-21,1,D,529.0,692.0,498.0,7501.0,
Jan-21,1,E,467.0,758.0,463.0,49489.0,
Jan-21,2,A,966.0,1309.0,946.0,43501.0,39844.0
Jan-21,2,B,1018.0,1338.0,1018.0,50100.0,45586.0
Jan-21,2,C,381.0,671.0,378.0,40999.0,34471.0
Jan-21,2,D,548.0,706.0,535.0,7589.0,7500.0
Jan-21,2,E,466.0,705.0,458.0,51900.0,
Jan-22,1,A,543.0,760.0,533.0,57599.0,
Jan-22,1,B,587.0,712.0,586.0,77700.0,
Jan-22,1,C,90.0,198.0,87.0,42200.0,
Jan-22,1,D,431.0,573.0,429.0,9689.0,
Jan-22,1,E,149.0,193.0,149.0,82501.0,
Jan-22,2,A,531.0,711.0,526.0,57898.0,56670.0
Jan-22,2,B,592.0,907.0,583.0,82001.0,80583.0
Jan-22,2,C,91.0,149.0,91.0,43001.0,43284.0
Jan-22,2,D,416.0,520.0,401.0,10000.0,9576.0
Jan-22,2,E,145.0,226.0,145.0,83911.0,
Jan-23,1,A,462.0,649.0,459.0,80000.0,
Jan-23,1,B,410.0,487.0,410.0,102002.0,
Jan-23,1,C,70.0,183.0,70.0,77301.0,
Jan-23,1,D,445.0,678.0,432.0,10890.0,
Jan-23,1,E,146.0,285.0,146.0,107889.0,
Jan-23,2,A,459.0,627.0,456.0,86000.0,86723.0
Jan-23,2,B,408.0,514.0,402.0,105459.0,108373.0
Jan-23,2,C,78.0,182.0,74.0,77109.0,78703.0
Jan-23,2,D,445.0,572.0,431.0,11101.0,11927.0
Jan-23,2,E,149.0,248.0,147.0,107000.0,
Jan-24,1,A,924.0,1184.0,920.0,65010.0,
Jan-24,1,B,633.0,850.0,628.0,85010.0,
Jan-24,1,C,193.0,340.0,192.0,67599.0,
Jan-24,1,D,523.0,666.0,514.0,9114.0,
Jan-24,1,E,149.0,263.0,140.0,106388.0,
Jan-24,2,A,923.0,1880.0,921.0,81589.0,83385.0
Jan-24,2,B,657.0,1308.0,657.0,112000.0,113742.0
Jan-24,2,C,191.0,394.0,187.0,68001.0,71319.0
Jan-24,2,D,520.0,615.0,491.0,9309.0,9696.0
Jan-24,2,E,140.0,267.0,136.0,109004.0,
Jul-02,1,A,1116.0,1890.0,1108.0,31407.0,
Jul-02,1,B,579.0,946.0,577.0,31583.0,
Jul-02,1,C,506.0,749.0,504.0,17501.0,
Jul-02,1,D,841.0,1035.0,835.0,57.0,
Jul-02,1,E,910.0,1549.0,903.0,32356.0,
Jul-02,2,A,1118.0,1647.0,1118.0,30797.0,32316.0
Jul-02,2,B,561.0,850.0,553.0,30008.0,34183.0
Jul-02,2,C,505.0,682.0,501.0,16889.0,21072.0
Jul-02,2,D,833.0,1059.0,822.0,101.0,175.0
Jul-02,2,E,910.0,1242.0,904.0,30501.0,
Jul-03,1,A,1471.0,2341.0,1462.0,32079.0,
Jul-03,1,B,917.0,1359.0,917.0,32779.0,
Jul-03,1,C,602.0,761.0,598.0,11995.0,
Jul-03,1,D,651.0,858.0,612.0,503.0,
Jul-03,1,E,898.0,1379.0,893.0,32799.0,
Jul-03,2,A,1477.0,1881.0,1470.0,31501.0,31203.0
Jul-03,2,B,918.0,1209.0,885.0,31889.0,31278.0
Jul-03,2,C,618.0,782.0,614.0,12089.0,11314.0
Jul-03,2,D,568.0,764.0,565.0,404.0,408.0
Jul-03,2,E,898.0,1337.0,891.0,32593.0,
Jul-04,1,A,1941.0,2193.0,1941.0,27769.0,
Jul-04,1,B,940.0,1154.0,933.0,28990.0,
Jul-04,1,C,636.0,804.0,617.0,8626.0,
Jul-04,1,D,709.0,1006.0,700.0,658.0,
Jul-04,1,E,1041.0,1411.0,1031.0,28499.0,
Jul-04,2,A,1933.0,2104.0,1928.0,27019.0,27821.0
Jul-04,2,B,932.0,1107.0,915.0,27001.0,28564.0
Jul-04,2,C,632.0,837.0,631.0,8503.0,9886.0
Jul-04,2,D,503.0,913.0,490.0,551.0,756.0
Jul-04,2,E,1111.0,1436.0,1104.0,27792.0,
Jul-05,1,A,2220.0,2445.0,2218.0,16112.0,
Jul-05,1,B,1114.0,1374.0,1102.0,15501.0,
Jul-05,1,C,590.0,691.0,590.0,6524.0,
Jul-05,1,D,508.0,602.0,475.0,752.0,
Jul-05,1,E,1155.0,1534.0,1139.0,17199.0,
Jul-05,2,A,2203.0,2758.0,2197.0,16500.0,16947.0
Jul-05,2,B,1114.0,1414.0,1113.0,16501.0,15937.0
Jul-05,2,C,596.0,715.0,585.0,6501.0,6213.0
Jul-05,2,D,516.0,666.0,432.0,652.0,715.0
Jul-05,2,E,1181.0,1561.0,1119.0,17199.0,
Jul-06,1,A,2216.0,2867.0,2210.0,10201.0,
Jul-06,1,B,1084.0,1240.0,1084.0,10801.0,
Jul-06,1,C,563.0,816.0,555.0,5951.0,
Jul-06,1,D,577.0,804.0,560.0,900.0,
Jul-06,1,E,1147.0,1678.0,1142.0,10803.0,
Jul-06,2,A,2221.0,2776.0,2213.0,10803.0,10269.0
Jul-06,2,B,1089.0,1332.0,1089.0,10600.0,11321.0
Jul-06,2,C,565.0,815.0,503.0,5501.0,8270.0
Jul-06,2,D,491.0,606.0,489.0,881.0,909.0
Jul-06,2,E,1127.0,1718.0,1126.0,11101.0,
Jul-07,1,A,2159.0,2480.0,2150.0,14801.0,
Jul-07,1,B,1143.0,1364.0,1143.0,17399.0,
Jul-07,1,C,447.0,691.0,445.0,4909.0,
Jul-07,1,D,538.0,948.0,534.0,1082.0,
Jul-07,1,E,1090.0,1672.0,1088.0,17400.0,
Jul-07,2,A,2208.0,2678.0,2177.0,16000.0,15957.0
Jul-07,2,B,1133.0,1393.0,1133.0,17602.0,18413.0
Jul-07,2,C,492.0,746.0,484.0,3889.0,6582.0
Jul-07,2,D,480.0,731.0,477.0,1052.0,1190.0
Jul-07,2,E,1105.0,1629.0,1099.0,17410.0,
Jul-08,1,A,2036.0,2463.0,2036.0,14685.0,
Jul-08,1,B,1099.0,1383.0,1094.0,15501.0,
Jul-08,1,C,377.0,535.0,370.0,12959.0,
Jul-08,1,D,448.0,707.0,441.0,1551.0,
Jul-08,1,E,875.0,1258.0,866.0,15661.0,
Jul-08,2,A,2048.0,2464.0,2047.0,14101.0,14032.0
Jul-08,2,B,1099.0,1307.0,1099.0,14235.0,15345.0
Jul-08,2,C,386.0,497.0,385.0,12659.0,13628.0
Jul-08,2,D,475.0,600.0,474.0,1489.0,1271.0
Jul-08,2,E,880.0,1178.0,872.0,14858.0,
Jul-09,1,A,1405.0,1655.0,1405.0,14310.0,
Jul-09,1,B,780.0,1052.0,778.0,16801.0,
Jul-09,1,C,233.0,289.0,222.0,16888.0,
Jul-09,1,D,422.0,504.0,419.0,900.0,
Jul-09,1,E,720.0,1278.0,693.0,17501.0,
Jul-09,2,A,1408.0,1603.0,1408.0,15291.0,12095.0
Jul-09,2,B,762.0,992.0,737.0,18501.0,13128.0
Jul-09,2,C,232.0,376.0,228.0,17410.0,11884.0
Jul-09,2,D,396.0,428.0,396.0,889.0,882.0
Jul-09,2,E,716.0,1352.0,711.0,18189.0,
Jul-10,1,A,700.0,893.0,676.0,29501.0,
Jul-10,1,B,557.0,671.0,557.0,35909.0,
Jul-10,1,C,177.0,277.0,176.0,31389.0,
Jul-10,1,D,351.0,476.0,347.0,1320.0,
Jul-10,1,E,399.0,660.0,399.0,41010.0,
Jul-10,2,A,699.0,967.0,691.0,36162.0,30120.0
Jul-10,2,B,552.0,890.0,548.0,42889.0,38552.0
Jul-10,2,C,183.0,285.0,182.0,30601.0,30960.0
Jul-10,2,D,337.0,372.0,334.0,1290.0,1347.0
Jul-10,2,E,363.0,725.0,357.0,43565.0,
Jul-11,1,A,514.0,839.0,497.0,55989.0,
Jul-11,1,B,445.0,728.0,444.0,68501.0,
Jul-11,1,C,276.0,375.0,276.0,32590.0,
Jul-11,1,D,325.0,369.0,323.0,2360.0,
Jul-11,1,E,372.0,509.0,342.0,68811.0,
Jul-11,2,A,510.0,776.0,501.0,56002.0,51234.0
Jul-11,2,B,436.0,626.0,436.0,72501.0,64003.0
Jul-11,2,C,284.0,393.0,281.0,34502.0,28678.0
Jul-11,2,D,332.0,496.0,332.0,2012.0,2237.0
Jul-11,2,E,335.0,459.0,328.0,74490.0,
Jul-12,1,A,641.0,872.0,613.0,59421.0,
Jul-12,1,B,358.0,459.0,358.0,82289.0,
Jul-12,1,C,164.0,234.0,161.0,55556.0,
Jul-12,1,D,451.0,592.0,442.0,1760.0,
Jul-12,1,E,312.0,410.0,295.0,86999.0,
Jul-12,2,A,676.0,911.0,669.0,68656.0,61115.0
Jul-12,2,B,353.0,549.0,352.0,90501.0,86410.0
Jul-12,2,C,163.0,222.0,162.0,55805.0,56008.0
Jul-12,2,D,426.0,531.0,425.0,1859.0,1859.0
Jul-12,2,E,310.0,429.0,306.0,92700.0,
Jul-13,1,A,338.0,716.0,328.0,73100.0,
Jul-13,1,B,331.0,652.0,325.0,77110.0,
Jul-13,1,C,226.0,301.0,226.0,61011.0,
Jul-13,1,D,538.0,679.0,536.0,1610.0,
Jul-13,1,E,288.0,485.0,284.0,77000.0,
Jul-13,2,A,334.0,621.0,332.0,73989.0,68689.0
Jul-13,2,B,303.0,574.0,301.0,76389.0,73209.0
Jul-13,2,C,232.0,335.0,226.0,65036.0,59497.0
Jul-13,2,D,526.0,652.0,516.0,1712.0,1683.0
Jul-13,2,E,240.0,425.0,237.0,76802.0,
Jul-14,1,A,513.0,1075.0,511.0,61990.0,
Jul-14,1,B,493.0,812.0,491.0,64889.0,
Jul-14,1,C,392.0,653.0,383.0,43390.0,
Jul-14,1,D,344.0,415.0,343.0,4001.0,
Jul-14,1,E,294.0,441.0,288.0,63001.0,
Jul-14,2,A,509.0,1190.0,505.0,62890.0,62610.0
Jul-14,2,B,498.0,850.0,497.0,65001.0,66834.0
Jul-14,2,C,391.0,779.0,391.0,52010.0,42932.0
Jul-14,2,D,347.0,410.0,341.0,4252.0,4040.0
Jul-14,2,E,319.0,483.0,317.0,65002.0,
Jul-15,1,A,1466.0,1891.0,1464.0,58700.0,
Jul-15,1,B,934.0,1225.0,933.0,65501.0,
Jul-15,1,C,370.0,476.0,370.0,50001.0,
Jul-15,1,D,330.0,425.0,328.0,6508.0,
Jul-15,1,E,274.0,411.0,272.0,69001.0,
Jul-15,2,A,1435.0,1966.0,1365.0,55889.0,62795.0
Jul-15,2,B,930.0,1218.0,929.0,58109.0,70454.0
Jul-15,2,C,371.0,455.0,371.0,50002.0,50584.0
Jul-15,2,D,331.0,486.0,320.0,6312.0,6458.0
Jul-15,2,E,272.0,441.0,270.0,60101.0,
Jul-16,1,A,2222.0,3194.0,2212.0,52301.0,
Jul-16,1,B,1469.0,2547.0,1469.0,56089.0,
Jul-16,1,C,237.0,310.0,235.0,47889.0,
Jul-16,1,D,409.0,525.0,365.0,6012.0,
Jul-16,1,E,517.0,750.0,517.0,56002.0,
Jul-16,2,A,2272.0,3195.0,2246.0,53000.0,51518.0
Jul-16,2,B,1463.0,2439.0,1463.0,57508.0,54463.0
Jul-16,2,C,230.0,344.0,225.0,49890.0,46254.0
Jul-16,2,D,430.0,586.0,424.0,6302.0,6254.0
Jul-16,2,E,521.0,821.0,500.0,57501.0,
Jul-17,1,A,1904.0,2296.0,1902.0,42801.0,
Jul-17,1,B,1322.0,1910.0,1321.0,49802.0,
Jul-17,1,C,1088.0,2189.0,1078.0,40212.0,
Jul-17,1,D,474.0,819.0,377.0,6001.0,
Jul-17,1,E,528.0,872.0,521.0,49899.0,
Jul-17,2,A,1907.0,2389.0,1905.0,44002.0,45400.0
Jul-17,2,B,1322.0,1784.0,1314.0,50001.0,50972.0
Jul-17,2,C,1085.0,1943.0,1084.0,42809.0,35839.0
Jul-17,2,D,552.0,1044.0,424.0,5851.0,6060.0
Jul-17,2,E,562.0,941.0,516.0,50101.0,
Jul-18,1,A,1435.0,1626.0,1427.0,25000.0,
Jul-18,1,B,1288.0,1637.0,1288.0,31000.0,
Jul-18,1,C,313.0,535.0,272.0,31092.0,
Jul-18,1,D,612.0,807.0,587.0,6514.0,
Jul-18,1,E,591.0,975.0,582.0,31001.0,
Jul-18,2,A,1443.0,3100.0,1412.0,32699.0,34197.0
Jul-18,2,B,1285.0,1919.0,1278.0,32551.0,34991.0
Jul-18,2,C,320.0,538.0,249.0,30889.0,31163.0
Jul-18,2,D,537.0,772.0,533.0,6189.0,6819.0
Jul-18,2,E,558.0,1082.0,558.0,32809.0,
Jul-19,1,A,1431.0,1795.0,1428.0,28589.0,
Jul-19,1,B,1141.0,1390.0,1135.0,34000.0,
Jul-19,1,C,390.0,649.0,382.0,25089.0,
Jul-19,1,D,902.0,1141.0,890.0,3081.0,
Jul-19,1,E,379.0,523.0,377.0,36901.0,
Jul-19,2,A,1623.0,1902.0,1617.0,26667.0,29328.0
Jul-19,2,B,1143.0,1677.0,1140.0,39406.0,39936.0
Jul-19,2,C,393.0,657.0,393.0,24599.0,26109.0
Jul-19,2,D,900.0,1193.0,897.0,3554.0,3214.0
Jul-19,2,E,375.0,751.0,367.0,39889.0,
Jul-20,1,A,1289.0,3061.0,1286.0,33520.0,
Jul-20,1,B,1291.0,3160.0,1260.0,35889.0,
Jul-20,1,C,489.0,866.0,481.0,24502.0,
Jul-20,1,D,869.0,1611.0,856.0,7702.0,
Jul-20,1,E,444.0,937.0,436.0,34989.0,
Jul-20,2,A,1304.0,2485.0,1290.0,32699.0,32190.0
Jul-20,2,B,1339.0,2497.0,1316.0,35001.0,32914.0
Jul-20,2,C,489.0,759.0,482.0,23888.0,24102.0
Jul-20,2,D,869.0,1355.0,864.0,6510.0,5287.0
Jul-20,2,E,448.0,714.0,438.0,35001.0,
Jul-21,1,A,867.0,1149.0,864.0,45001.0,
Jul-21,1,B,840.0,1087.0,840.0,56100.0,
Jul-21,1,C,162.0,340.0,159.0,38900.0,
Jul-21,1,D,616.0,760.0,612.0,8502.0,
Jul-21,1,E,259.0,416.0,257.0,57700.0,
Jul-21,2,A,836.0,1240.0,832.0,47010.0,46358.0
Jul-21,2,B,819.0,1107.0,796.0,59501.0,58306.0
Jul-21,2,C,166.0,337.0,163.0,39523.0,39522.0
Jul-21,2,D,655.0,863.0,649.0,8689.0,8518.0
Jul-21,2,E,267.0,408.0,266.0,60001.0,
Jul-22,1,A,617.0,900.0,606.0,78001.0,
Jul-22,1,B,527.0,695.0,522.0,107800.0,
Jul-22,1,C,102.0,160.0,91.0,54001.0,
Jul-22,1,D,582.0,768.0,513.0,10889.0,
Jul-22,1,E,195.0,340.0,191.0,110524.0,
Jul-22,2,A,628.0,834.0,620.0,78899.0,74099.0
Jul-22,2,B,527.0,702.0,526.0,110003.0,102078.0
Jul-22,2,C,102.0,174.0,98.0,54889.0,52883.0
Jul-22,2,D,561.0,723.0,555.0,10910.0,10180.0
Jul-22,2,E,194.0,317.0,194.0,114001.0,
Jul-23,1,A,588.0,756.0,587.0,97000.0,
Jul-23,1,B,471.0,594.0,470.0,118002.0,
Jul-23,1,C,77.0,147.0,69.0,82223.0,
Jul-23,1,D,579.0,846.0,550.0,10090.0,
Jul-23,1,E,130.0,217.0,119.0,121000.0,
Jul-23,2,A,581.0,728.0,576.0,95202.0,96569.0
Jul-23,2,B,462.0,602.0,453.0,118001.0,118357.0
Jul-23,2,C,69.0,133.0,69.0,82001.0,80376.0
Jul-23,2,D,551.0,840.0,550.0,10501.0,9651.0
Jul-23,2,E,129.0,243.0,128.0,122110.0,
Jul-24,1,A,967.0,1429.0,932.0,91001.0,
Jul-24,1,B,671.0,896.0,671.0,100901.0,
Jul-24,1,C,214.0,325.0,213.0,70001.0,
Jul-24,1,D,517.0,571.0,517.0,8900.0,
Jul-24,1,E,176.0,309.0,170.0,100889.0,
Jul-24,2,A,973.0,1342.0,972.0,91899.0,91383.0
Jul-24,2,B,661.0,891.0,639.0,100000.0,102423.0
Jul-24,2,C,214.0,355.0,214.0,70601.0,70516.0
Jul-24,2,D,518.0,591.0,512.0,9089.0,9133.0
Jul-24,2,E,177.0,300.0,177.0,100341.0,
Jun-02,1,A,1111.0,1382.0,1105.0,33009.0,
Jun-02,1,B,595.0,885.0,569.0,33001.0,
Jun-02,1,C,540.0,800.0,540.0,22804.0,
Jun-02,1,D,875.0,1010.0,866.0,109.0,
Jun-02,1,E,939.0,1777.0,938.0,34397.0,
Jun-02,2,A,1141.0,1382.0,1133.0,30281.0,34149.0
Jun-02,2,B,563.0,888.0,554.0,32499.0,37519.0
Jun-02,2,C,519.0,727.0,519.0,20434.0,23174.0
Jun-02,2,D,834.0,995.0,833.0,96.0,307.0
Jun-02,2,E,942.0,1825.0,940.0,32511.0,
Jun-03,1,A,1470.0,2388.0,1469.0,31799.0,
Jun-03,1,B,913.0,1448.0,908.0,31501.0,
Jun-03,1,C,609.0,734.0,608.0,10899.0,
Jun-03,1,D,588.0,932.0,494.0,452.0,
Jun-03,1,E,887.0,1417.0,876.0,32597.0,
Jun-03,2,A,1478.0,2267.0,1471.0,31440.0,29864.0
Jun-03,2,B,914.0,1281.0,908.0,31505.0,29443.0
Jun-03,2,C,601.0,724.0,584.0,11301.0,11006.0
Jun-03,2,D,576.0,773.0,564.0,502.0,313.0
Jun-03,2,E,890.0,1328.0,879.0,32000.0,
Jun-04,1,A,1934.0,2722.0,1927.0,28798.0,
Jun-04,1,B,937.0,1374.0,930.0,30300.0,
Jun-04,1,C,645.0,879.0,640.0,9003.0,
Jun-04,1,D,504.0,829.0,295.0,1001.0,
Jun-04,1,E,1032.0,1473.0,1019.0,30301.0,
Jun-04,2,A,1944.0,2302.0,1944.0,28331.0,27732.0
Jun-04,2,B,932.0,1217.0,932.0,30400.0,28569.0
Jun-04,2,C,637.0,801.0,635.0,8989.0,11699.0
Jun-04,2,D,750.0,1199.0,746.0,722.0,839.0
Jun-04,2,E,1030.0,1585.0,946.0,29999.0,
Jun-05,1,A,2201.0,2873.0,2174.0,17481.0,
Jun-05,1,B,1113.0,1346.0,1099.0,16002.0,
Jun-05,1,C,589.0,712.0,587.0,6450.0,
Jun-05,1,D,609.0,775.0,607.0,699.0,
Jun-05,1,E,1151.0,1654.0,1134.0,18200.0,
Jun-05,2,A,2196.0,2636.0,2186.0,17289.0,17575.0
Jun-05,2,B,1113.0,1299.0,1099.0,15001.0,16239.0
Jun-05,2,C,593.0,680.0,585.0,6101.0,6366.0
Jun-05,2,D,506.0,765.0,496.0,701.0,680.0
Jun-05,2,E,1152.0,1538.0,1108.0,17999.0,
Jun-06,1,A,2217.0,2688.0,2217.0,11202.0,
Jun-06,1,B,1096.0,1426.0,1096.0,12200.0,
Jun-06,1,C,567.0,672.0,567.0,8657.0,
Jun-06,1,D,488.0,707.0,399.0,1001.0,
Jun-06,1,E,1119.0,1933.0,1083.0,12000.0,
Jun-06,2,A,2217.0,2393.0,2213.0,9301.0,10735.0
Jun-06,2,B,1088.0,1256.0,1084.0,11001.0,12171.0
Jun-06,2,C,571.0,893.0,570.0,6308.0,9921.0
Jun-06,2,D,489.0,608.0,486.0,1061.0,880.0
Jun-06,2,E,1111.0,1716.0,1095.0,11002.0,
Jun-07,1,A,2159.0,2441.0,2159.0,16181.0,
Jun-07,1,B,1132.0,1679.0,1114.0,19802.0,
Jun-07,1,C,446.0,666.0,444.0,6889.0,
Jun-07,1,D,482.0,585.0,422.0,1252.0,
Jun-07,1,E,1094.0,1760.0,1091.0,19351.0,
Jun-07,2,A,2169.0,2489.0,2119.0,15591.0,15591.0
Jun-07,2,B,1146.0,1460.0,1137.0,18891.0,17725.0
Jun-07,2,C,447.0,605.0,399.0,5501.0,6430.0
Jun-07,2,D,518.0,907.0,515.0,1053.0,1200.0
Jun-07,2,E,1089.0,1711.0,1070.0,18539.0,
Jun-08,1,A,2038.0,2500.0,2038.0,14590.0,
Jun-08,1,B,1125.0,1282.0,1125.0,14640.0,
Jun-08,1,C,377.0,501.0,377.0,13501.0,
Jun-08,1,D,454.0,708.0,451.0,1083.0,
Jun-08,1,E,882.0,1221.0,882.0,16301.0,
Jun-08,2,A,2037.0,2319.0,2024.0,14101.0,14656.0
Jun-08,2,B,1099.0,1280.0,1099.0,14689.0,16557.0
Jun-08,2,C,383.0,550.0,374.0,12002.0,15534.0
Jun-08,2,D,447.0,631.0,417.0,1102.0,1125.0
Jun-08,2,E,878.0,1352.0,873.0,15459.0,
Jun-09,1,A,1401.0,1967.0,1391.0,11690.0,
Jun-09,1,B,760.0,1131.0,740.0,11889.0,
Jun-09,1,C,237.0,321.0,235.0,9690.0,
Jun-09,1,D,406.0,472.0,374.0,889.0,
Jun-09,1,E,719.0,1335.0,715.0,12901.0,
Jun-09,2,A,1415.0,1735.0,1402.0,12899.0,9608.0
Jun-09,2,B,760.0,1066.0,758.0,14840.0,9742.0
Jun-09,2,C,241.0,398.0,240.0,12615.0,8487.0
Jun-09,2,D,405.0,571.0,399.0,901.0,908.0
Jun-09,2,E,717.0,1516.0,717.0,15100.0,
Jun-10,1,A,706.0,1107.0,704.0,30051.0,
Jun-10,1,B,553.0,779.0,546.0,40002.0,
Jun-10,1,C,178.0,273.0,177.0,30189.0,
Jun-10,1,D,359.0,504.0,344.0,1452.0,
Jun-10,1,E,361.0,639.0,322.0,41000.0,
Jun-10,2,A,699.0,902.0,697.0,31510.0,29843.0
Jun-10,2,B,557.0,720.0,554.0,39911.0,39670.0
Jun-10,2,C,182.0,253.0,175.0,31689.0,32640.0
Jun-10,2,D,340.0,376.0,339.0,1454.0,1324.0
Jun-10,2,E,362.0,682.0,359.0,41006.0,
Jun-11,1,A,510.0,880.0,506.0,53390.0,
Jun-11,1,B,424.0,759.0,403.0,63000.0,
Jun-11,1,C,276.0,457.0,276.0,29006.0,
Jun-11,1,D,327.0,507.0,327.0,2491.0,
Jun-11,1,E,338.0,530.0,295.0,62000.0,
Jun-11,2,A,512.0,715.0,512.0,50244.0,47105.0
Jun-11,2,B,423.0,684.0,410.0,67700.0,59136.0
Jun-11,2,C,279.0,391.0,270.0,31089.0,26177.0
Jun-11,2,D,328.0,367.0,322.0,2290.0,2340.0
Jun-11,2,E,339.0,468.0,334.0,65490.0,
Jun-12,1,A,668.0,1004.0,647.0,59003.0,
Jun-12,1,B,350.0,490.0,342.0,83000.0,
Jun-12,1,C,159.0,258.0,155.0,54522.0,
Jun-12,1,D,410.0,569.0,368.0,1912.0,
Jun-12,1,E,315.0,526.0,311.0,85889.0,
Jun-12,2,A,633.0,920.0,577.0,59004.0,60219.0
Jun-12,2,B,349.0,477.0,346.0,85400.0,86728.0
Jun-12,2,C,161.0,242.0,158.0,54502.0,56044.0
Jun-12,2,D,410.0,517.0,393.0,1712.0,1893.0
Jun-12,2,E,317.0,427.0,315.0,84389.0,
Jun-13,1,A,341.0,855.0,336.0,67301.0,
Jun-13,1,B,302.0,732.0,274.0,75000.0,
Jun-13,1,C,227.0,292.0,226.0,57989.0,
Jun-13,1,D,511.0,616.0,479.0,1701.0,
Jun-13,1,E,239.0,534.0,189.0,76000.0,
Jun-13,2,A,342.0,788.0,341.0,69903.0,64762.0
Jun-13,2,B,305.0,734.0,304.0,81751.0,69128.0
Jun-13,2,C,227.0,289.0,221.0,59001.0,57574.0
Jun-13,2,D,554.0,647.0,534.0,1712.0,1730.0
Jun-13,2,E,251.0,466.0,250.0,83001.0,
Jun-14,1,A,507.0,1040.0,499.0,63190.0,
Jun-14,1,B,494.0,807.0,484.0,67304.0,
Jun-14,1,C,385.0,617.0,378.0,43001.0,
Jun-14,1,D,346.0,449.0,346.0,4089.0,
Jun-14,1,E,293.0,465.0,292.0,67334.0,
Jun-14,2,A,509.0,1040.0,506.0,61899.0,66586.0
Jun-14,2,B,490.0,716.0,475.0,65700.0,71771.0
Jun-14,2,C,391.0,597.0,385.0,42001.0,40765.0
Jun-14,2,D,385.0,503.0,381.0,3890.0,4163.0
Jun-14,2,E,302.0,434.0,276.0,65301.0,
Jun-15,1,A,1432.0,1943.0,1393.0,66000.0,
Jun-15,1,B,929.0,1384.0,923.0,75000.0,
Jun-15,1,C,371.0,508.0,369.0,50900.0,
Jun-15,1,D,339.0,430.0,336.0,6509.0,
Jun-15,1,E,272.0,392.0,267.0,75801.0,
Jun-15,2,A,1429.0,1766.0,1421.0,61000.0,66255.0
Jun-15,2,B,928.0,1144.0,926.0,71509.0,75621.0
Jun-15,2,C,373.0,481.0,370.0,50502.0,53418.0
Jun-15,2,D,363.0,448.0,359.0,6401.0,6506.0
Jun-15,2,E,272.0,373.0,269.0,74501.0,
Jun-16,1,A,2218.0,4545.0,2213.0,53694.0,
Jun-16,1,B,1470.0,3436.0,1463.0,56000.0,
Jun-16,1,C,228.0,347.0,219.0,46434.0,
Jun-16,1,D,407.0,529.0,395.0,6302.0,
Jun-16,1,E,536.0,860.0,533.0,55100.0,
Jun-16,2,A,2252.0,3957.0,2197.0,55200.0,49519.0
Jun-16,2,B,1463.0,2914.0,1462.0,57010.0,51630.0
Jun-16,2,C,228.0,342.0,226.0,48002.0,44493.0
Jun-16,2,D,422.0,495.0,389.0,6303.0,6369.0
Jun-16,2,E,538.0,1009.0,531.0,57390.0,
Jun-17,1,A,1898.0,2245.0,1893.0,45201.0,
Jun-17,1,B,1325.0,1582.0,1324.0,50110.0,
Jun-17,1,C,1091.0,2309.0,1087.0,38501.0,
Jun-17,1,D,476.0,743.0,455.0,6101.0,
Jun-17,1,E,528.0,878.0,528.0,50526.0,
Jun-17,2,A,1906.0,2302.0,1898.0,42801.0,48200.0
Jun-17,2,B,1321.0,1651.0,1320.0,47501.0,52473.0
Jun-17,2,C,1086.0,2125.0,1085.0,36879.0,34070.0
Jun-17,2,D,459.0,931.0,360.0,6001.0,6468.0
Jun-17,2,E,553.0,925.0,519.0,48001.0,
Jun-18,1,A,1441.0,1696.0,1440.0,36426.0,
Jun-18,1,B,1293.0,1727.0,1285.0,36000.0,
Jun-18,1,C,425.0,685.0,417.0,29902.0,
Jun-18,1,D,572.0,828.0,487.0,7001.0,
Jun-18,1,E,559.0,927.0,525.0,37000.0,
Jun-18,2,A,1446.0,1818.0,1437.0,34110.0,37165.0
Jun-18,2,B,1316.0,1729.0,1311.0,33900.0,36888.0
Jun-18,2,C,308.0,548.0,293.0,32001.0,32200.0
Jun-18,2,D,527.0,771.0,517.0,6889.0,7073.0
Jun-18,2,E,581.0,868.0,580.0,34400.0,
Jun-19,1,A,1424.0,1902.0,1417.0,30009.0,
Jun-19,1,B,1139.0,1346.0,1137.0,39728.0,
Jun-19,1,C,389.0,535.0,389.0,25502.0,
Jun-19,1,D,925.0,1149.0,920.0,3090.0,
Jun-19,1,E,380.0,724.0,375.0,42002.0,
Jun-19,2,A,1424.0,1742.0,1225.0,26999.0,30512.0
Jun-19,2,B,1141.0,1418.0,1137.0,35906.0,42885.0
Jun-19,2,C,393.0,607.0,390.0,25501.0,27759.0
Jun-19,2,D,909.0,1187.0,906.0,3000.0,3267.0
Jun-19,2,E,381.0,536.0,380.0,39400.0,
Jun-20,2,A,,,,,32875.0
Jun-20,2,B,,,,,33568.0
Jun-20,2,C,,,,,24271.0
Jun-20,2,D,,,,,4352.0
Jun-21,1,A,858.0,1439.0,820.0,48510.0,
Jun-21,1,B,815.0,1107.0,784.0,60109.0,
Jun-21,1,C,195.0,413.0,190.0,37002.0,
Jun-21,1,D,626.0,776.0,624.0,8703.0,
Jun-21,1,E,259.0,331.0,259.0,61112.0,
Jun-21,2,A,830.0,1178.0,823.0,47821.0,46896.0
Jun-21,2,B,809.0,983.0,799.0,56032.0,57955.0
Jun-21,2,C,238.0,478.0,229.0,37000.0,39807.0
Jun-21,2,D,618.0,864.0,577.0,8501.0,8320.0
Jun-21,2,E,265.0,519.0,257.0,58001.0,
Jun-22,1,A,612.0,874.0,607.0,73801.0,
Jun-22,1,B,528.0,851.0,528.0,100684.0,
Jun-22,1,C,107.0,203.0,107.0,53002.0,
Jun-22,1,D,563.0,859.0,542.0,10000.0,
Jun-22,1,E,190.0,316.0,185.0,100697.0,
Jun-22,2,A,614.0,850.0,598.0,74989.0,71565.0
Jun-22,2,B,531.0,822.0,531.0,106001.0,97176.0
Jun-22,2,C,103.0,224.0,103.0,53011.0,52552.0
Jun-22,2,D,570.0,717.0,570.0,10302.0,9931.0
Jun-22,2,E,194.0,276.0,190.0,104400.0,
Jun-23,1,A,581.0,881.0,571.0,98001.0,
Jun-23,1,B,454.0,719.0,437.0,120702.0,
Jun-23,1,C,68.0,151.0,60.0,81801.0,
Jun-23,1,D,555.0,972.0,519.0,11001.0,
Jun-23,1,E,124.0,280.0,118.0,120889.0,
Jun-23,2,A,586.0,751.0,583.0,96206.0,97905.0
Jun-23,2,B,454.0,622.0,446.0,121000.0,118921.0
Jun-23,2,C,71.0,178.0,71.0,83140.0,78361.0
Jun-23,2,D,551.0,796.0,543.0,10709.0,10249.0
Jun-23,2,E,145.0,312.0,140.0,123000.0,
Jun-24,1,A,962.0,1467.0,957.0,88200.0,
Jun-24,1,B,685.0,974.0,671.0,100607.0,
Jun-24,1,C,230.0,334.0,222.0,70589.0,
Jun-24,1,D,519.0,628.0,519.0,8989.0,
Jun-24,1,E,183.0,319.0,182.0,101600.0,
Jun-24,2,A,966.0,1403.0,955.0,90889.0,91401.0
Jun-24,2,B,674.0,1046.0,670.0,102334.0,102828.0
Jun-24,2,C,214.0,291.0,206.0,69900.0,69749.0
Jun-24,2,D,520.0,620.0,519.0,9002.0,9466.0
Jun-24,2,E,177.0,301.0,175.0,100000.0,
Mar-02,1,A,1491.0,4267.0,1491.0,31484.0,
Mar-02,1,B,649.0,2229.0,644.0,32574.0,
Mar-02,1,C,399.0,1233.0,399.0,23702.0,
Mar-02,1,D,611.0,1056.0,604.0,633.0,
Mar-02,1,E,805.0,2255.0,805.0,31438.0,
Mar-02,2,A,1468.0,2800.0,1429.0,33201.0,30559.0
Mar-02,2,B,651.0,1052.0,650.0,34200.0,31785.0
Mar-02,2,C,394.0,679.0,394.0,23700.0,23933.0
Mar-02,2,D,628.0,1141.0,622.0,709.0,631.0
Mar-02,2,E,817.0,1594.0,744.0,34501.0,
Mar-03,1,A,1332.0,1990.0,1329.0,28308.0,
Mar-03,1,B,670.0,965.0,663.0,27999.0,
Mar-03,1,C,575.0,742.0,574.0,11208.0,
Mar-03,1,D,1301.0,904.0,904.0,1.0,
Mar-03,1,E,1090.0,1523.0,1031.0,27000.0,
Mar-03,2,A,1337.0,1923.0,1333.0,26999.0,28550.0
Mar-03,2,B,666.0,944.0,640.0,26001.0,28748.0
Mar-03,2,C,570.0,662.0,566.0,10509.0,11753.0
Mar-03,2,D,1048.0,644.0,644.0,1.0,1.0
Mar-03,2,E,1096.0,1676.0,1085.0,25501.0,
Mar-04,1,A,1923.0,2539.0,1920.0,24597.0,
Mar-04,1,B,1163.0,1516.0,1147.0,25699.0,
Mar-04,1,C,688.0,980.0,681.0,7226.0,
Mar-04,1,D,560.0,740.0,523.0,203.0,
Mar-04,1,E,1159.0,1615.0,1148.0,25492.0,
Mar-04,2,A,1919.0,2613.0,1905.0,24940.0,24370.0
Mar-04,2,B,1160.0,1445.0,1153.0,25058.0,23761.0
Mar-04,2,C,699.0,1071.0,694.0,8658.0,6451.0
Mar-04,2,D,587.0,1070.0,583.0,456.0,247.0
Mar-04,2,E,1156.0,1481.0,1135.0,26401.0,
Mar-05,1,A,2516.0,3784.0,2509.0,20654.0,
Mar-05,1,B,1137.0,1656.0,1134.0,21710.0,
Mar-05,1,C,673.0,849.0,672.0,6590.0,
Mar-05,1,D,517.0,897.0,505.0,851.0,
Mar-05,1,E,1338.0,1961.0,1336.0,21999.0,
Mar-05,2,A,2520.0,3176.0,2449.0,18901.0,18970.0
Mar-05,2,B,1140.0,1355.0,1133.0,18001.0,17774.0
Mar-05,2,C,677.0,823.0,669.0,7100.0,5065.0
Mar-05,2,D,558.0,1131.0,456.0,781.0,572.0
Mar-05,2,E,1359.0,1799.0,1337.0,19001.0,
Mar-06,1,A,2792.0,5001.0,2786.0,11199.0,
Mar-06,1,B,1268.0,1926.0,1268.0,12555.0,
Mar-06,1,C,596.0,749.0,588.0,8430.0,
Mar-06,1,D,515.0,697.0,489.0,609.0,
Mar-06,1,E,1395.0,2102.0,1387.0,12697.0,
Mar-06,2,A,2792.0,4381.0,2784.0,11904.0,10351.0
Mar-06,2,B,1267.0,1830.0,1265.0,13556.0,11218.0
Mar-06,2,C,590.0,748.0,564.0,8600.0,7472.0
Mar-06,2,D,508.0,804.0,483.0,789.0,538.0
Mar-06,2,E,1395.0,2000.0,1394.0,13689.0,
Mar-07,1,A,2687.0,5296.0,2680.0,12602.0,
Mar-07,1,B,1274.0,2248.0,1250.0,13502.0,
Mar-07,1,C,681.0,647.0,647.0,1.0,
Mar-07,1,D,471.0,777.0,471.0,964.0,
Mar-07,1,E,1282.0,2159.0,1277.0,13201.0,
Mar-07,2,A,2669.0,4752.0,2659.0,13504.0,11064.0
Mar-07,2,B,1272.0,1840.0,1266.0,14652.0,11885.0
Mar-07,2,C,835.0,1022.0,835.0,1091.0,183.0
Mar-07,2,D,450.0,554.0,447.0,1001.0,1045.0
Mar-07,2,E,1289.0,2217.0,1272.0,14502.0,
Mar-08,1,A,2171.0,2727.0,2164.0,14351.0,
Mar-08,1,B,1125.0,1499.0,1092.0,18000.0,
Mar-08,1,C,352.0,550.0,347.0,16310.0,
Mar-08,1,D,442.0,612.0,439.0,959.0,
Mar-08,1,E,1088.0,1929.0,1082.0,18670.0,
Mar-08,2,A,2161.0,2474.0,2161.0,15389.0,13442.0
Mar-08,2,B,1130.0,1387.0,1110.0,19001.0,15833.0
Mar-08,2,C,349.0,453.0,347.0,17610.0,14571.0
Mar-08,2,D,439.0,662.0,430.0,901.0,988.0
Mar-08,2,E,1088.0,1713.0,1086.0,18854.0,
Mar-09,1,A,1839.0,2376.0,1839.0,4890.0,
Mar-09,1,B,1101.0,1346.0,1100.0,5101.0,
Mar-09,1,C,264.0,512.0,255.0,5300.0,
Mar-09,1,D,420.0,674.0,419.0,958.0,
Mar-09,1,E,762.0,1298.0,759.0,5700.0,
Mar-09,2,A,1843.0,2202.0,1843.0,5116.0,3864.0
Mar-09,2,B,1110.0,1359.0,1101.0,5001.0,3162.0
Mar-09,2,C,265.0,516.0,234.0,5600.0,4014.0
Mar-09,2,D,409.0,513.0,378.0,912.0,879.0
Mar-09,2,E,768.0,1228.0,768.0,5982.0,
Mar-10,1,A,1148.0,1758.0,1141.0,20802.0,
Mar-10,1,B,688.0,1087.0,667.0,26389.0,
Mar-10,1,C,168.0,257.0,164.0,27001.0,
Mar-10,1,D,385.0,467.0,383.0,1159.0,
Mar-10,1,E,587.0,1184.0,575.0,27590.0,
Mar-10,2,A,1146.0,2183.0,1137.0,28389.0,21421.0
Mar-10,2,B,711.0,1207.0,699.0,36089.0,25190.0
Mar-10,2,C,168.0,341.0,141.0,32890.0,23979.0
Mar-10,2,D,371.0,495.0,368.0,1200.0,993.0
Mar-10,2,E,584.0,1507.0,554.0,42001.0,
Mar-11,1,A,532.0,875.0,530.0,42600.0,
Mar-11,1,B,424.0,667.0,423.0,61894.0,
Mar-11,1,C,276.0,360.0,276.0,30001.0,
Mar-11,1,D,325.0,490.0,310.0,2604.0,
Mar-11,1,E,336.0,574.0,324.0,62010.0,
Mar-11,2,A,527.0,927.0,472.0,43813.0,40925.0
Mar-11,2,B,424.0,579.0,424.0,57002.0,60368.0
Mar-11,2,C,281.0,371.0,279.0,29690.0,30401.0
Mar-11,2,D,362.0,429.0,362.0,2534.0,2026.0
Mar-11,2,E,330.0,458.0,330.0,59073.0,
Mar-12,1,A,667.0,912.0,649.0,56551.0,
Mar-12,1,B,354.0,626.0,352.0,79304.0,
Mar-12,1,C,163.0,247.0,159.0,50009.0,
Mar-12,1,D,413.0,474.0,407.0,1490.0,
Mar-12,1,E,309.0,492.0,309.0,76881.0,
Mar-12,2,A,636.0,1067.0,626.0,56501.0,52979.0
Mar-12,2,B,352.0,529.0,352.0,82003.0,74513.0
Mar-12,2,C,174.0,241.0,174.0,51511.0,47671.0
Mar-12,2,D,434.0,584.0,433.0,2000.0,1757.0
Mar-12,2,E,327.0,449.0,327.0,80101.0,
Mar-13,1,A,336.0,1180.0,329.0,74689.0,
Mar-13,1,B,326.0,1028.0,326.0,58090.0,
Mar-13,1,C,225.0,374.0,223.0,53900.0,
Mar-13,1,D,510.0,669.0,510.0,1895.0,
Mar-13,1,E,255.0,1036.0,248.0,65001.0,
Mar-13,2,A,337.0,923.0,337.0,64209.0,81237.0
Mar-13,2,B,307.0,940.0,300.0,73900.0,84879.0
Mar-13,2,C,225.0,312.0,225.0,54111.0,55590.0
Mar-13,2,D,543.0,634.0,543.0,1909.0,1802.0
Mar-13,2,E,279.0,635.0,277.0,73301.0,
Mar-14,1,A,365.0,615.0,356.0,76999.0,
Mar-14,1,B,350.0,499.0,337.0,80710.0,
Mar-14,1,C,265.0,439.0,262.0,56302.0,
Mar-14,1,D,368.0,483.0,340.0,4001.0,
Mar-14,1,E,193.0,292.0,185.0,82000.0,
Mar-14,2,A,362.0,577.0,360.0,78602.0,74838.0
Mar-14,2,B,353.0,524.0,352.0,82900.0,79203.0
Mar-14,2,C,266.0,356.0,256.0,53891.0,52163.0
Mar-14,2,D,360.0,449.0,355.0,4289.0,3256.0
Mar-14,2,E,193.0,293.0,192.0,84001.0,
Mar-15,1,A,987.0,2120.0,986.0,61410.0,
Mar-15,1,B,723.0,1239.0,723.0,68668.0,
Mar-15,1,C,186.0,315.0,183.0,56501.0,
Mar-15,1,D,289.0,343.0,288.0,5501.0,
Mar-15,1,E,175.0,322.0,162.0,70500.0,
Mar-15,2,A,987.0,2251.0,987.0,64700.0,62721.0
Mar-15,2,B,723.0,1354.0,717.0,71889.0,71730.0
Mar-15,2,C,184.0,345.0,175.0,59999.0,55305.0
Mar-15,2,D,286.0,385.0,286.0,5610.0,5285.0
Mar-15,2,E,174.0,290.0,172.0,72100.0,
Mar-16,1,A,2033.0,3518.0,1957.0,45000.0,
Mar-16,1,B,1209.0,2706.0,1200.0,47604.0,
Mar-16,1,C,162.0,259.0,160.0,48890.0,
Mar-16,1,D,357.0,430.0,356.0,6503.0,
Mar-16,1,E,449.0,951.0,312.0,48002.0,
Mar-16,2,A,2053.0,3836.0,2020.0,45504.0,46077.0
Mar-16,2,B,1220.0,2491.0,1218.0,46502.0,47450.0
Mar-16,2,C,167.0,226.0,166.0,46502.0,45662.0
Mar-16,2,D,357.0,429.0,356.0,6589.0,6559.0
Mar-16,2,E,452.0,912.0,445.0,46667.0,
Mar-17,1,A,2061.0,3190.0,2045.0,50789.0,
Mar-17,1,B,1371.0,2298.0,1368.0,53300.0,
Mar-17,1,C,170.0,216.0,170.0,49002.0,
Mar-17,1,D,368.0,546.0,359.0,7483.0,
Mar-17,1,E,482.0,763.0,478.0,53001.0,
Mar-17,2,A,2096.0,2961.0,2096.0,51765.0,50230.0
Mar-17,2,B,1357.0,2081.0,1345.0,54000.0,52008.0
Mar-17,2,C,164.0,251.0,163.0,47036.0,48009.0
Mar-17,2,D,355.0,453.0,354.0,8081.0,6814.0
Mar-17,2,E,499.0,783.0,499.0,54501.0,
Mar-18,1,A,1580.0,2405.0,1572.0,38830.0,
Mar-18,1,B,1390.0,1731.0,1390.0,39001.0,
Mar-18,1,C,247.0,446.0,202.0,36003.0,
Mar-18,1,D,528.0,885.0,525.0,8009.0,
Mar-18,1,E,571.0,967.0,525.0,39000.0,
Mar-18,2,A,1559.0,2117.0,1551.0,38000.0,38655.0
Mar-18,2,B,1402.0,1639.0,1374.0,37010.0,40881.0
Mar-18,2,C,247.0,378.0,234.0,35001.0,37545.0
Mar-18,2,D,522.0,803.0,517.0,7602.0,7906.0
Mar-18,2,E,571.0,977.0,564.0,38000.0,
Mar-19,1,A,1659.0,2213.0,1653.0,26309.0,
Mar-19,1,B,1233.0,1903.0,1230.0,36961.0,
Mar-19,1,C,306.0,443.0,301.0,27010.0,
Mar-19,1,D,825.0,1175.0,822.0,3602.0,
Mar-19,1,E,408.0,689.0,405.0,37620.0,
Mar-19,2,A,1650.0,2204.0,1647.0,26659.0,26175.0
Mar-19,2,B,1201.0,1878.0,1195.0,39401.0,35411.0
Mar-19,2,C,304.0,411.0,304.0,27021.0,26760.0
Mar-19,2,D,834.0,1039.0,825.0,3469.0,3495.0
Mar-19,2,E,397.0,730.0,396.0,41000.0,
Mar-20,1,A,978.0,1436.0,973.0,32699.0,
Mar-20,1,B,987.0,1347.0,987.0,32801.0,
Mar-20,1,C,315.0,504.0,315.0,24202.0,
Mar-20,1,D,593.0,785.0,587.0,4310.0,
Mar-20,1,E,333.0,512.0,331.0,32500.0,
Mar-20,2,A,982.0,1421.0,962.0,31210.0,32875.0
Mar-20,2,B,992.0,1366.0,943.0,30012.0,33568.0
Mar-20,2,C,448.0,708.0,448.0,22002.0,24271.0
Mar-20,2,D,581.0,757.0,576.0,4489.0,4352.0
Mar-20,2,E,331.0,503.0,324.0,32500.0,
Mar-21,1,A,887.0,1175.0,887.0,41996.0,
Mar-21,1,B,942.0,1121.0,926.0,45001.0,
Mar-21,1,C,255.0,480.0,248.0,37513.0,
Mar-21,1,D,542.0,707.0,524.0,7752.0,
Mar-21,1,E,296.0,450.0,296.0,47001.0,
Mar-21,2,A,886.0,1186.0,879.0,44589.0,42283.0
Mar-21,2,B,946.0,1222.0,932.0,47001.0,47316.0
Mar-21,2,C,292.0,507.0,286.0,39589.0,39982.0
Mar-21,2,D,542.0,700.0,538.0,7791.0,7607.0
Mar-21,2,E,298.0,430.0,291.0,47806.0,
Mar-22,1,A,531.0,962.0,526.0,68501.0,
Mar-22,1,B,551.0,860.0,551.0,94889.0,
Mar-22,1,C,76.0,199.0,67.0,48889.0,
Mar-22,1,D,405.0,602.0,403.0,11400.0,
Mar-22,1,E,190.0,318.0,190.0,98890.0,
Mar-22,2,A,543.0,849.0,542.0,71556.0,63220.0
Mar-22,2,B,555.0,824.0,545.0,98889.0,88862.0
Mar-22,2,C,91.0,166.0,91.0,51504.0,46016.0
Mar-22,2,D,409.0,575.0,409.0,10501.0,10365.0
Mar-22,2,E,180.0,344.0,177.0,99010.0,
Mar-23,1,A,517.0,665.0,507.0,88000.0,
Mar-23,1,B,431.0,629.0,431.0,115501.0,
Mar-23,1,C,43.0,65.0,39.0,91101.0,
Mar-23,1,D,467.0,566.0,465.0,12390.0,
Mar-23,1,E,132.0,254.0,128.0,116000.0,
Mar-23,2,A,510.0,768.0,508.0,93503.0,86677.0
Mar-23,2,B,466.0,670.0,466.0,116201.0,109948.0
Mar-23,2,C,50.0,107.0,42.0,85389.0,83969.0
Mar-23,2,D,490.0,616.0,490.0,12001.0,11696.0
Mar-23,2,E,132.0,265.0,125.0,116020.0,
Mar-24,1,A,963.0,1866.0,923.0,83000.0,
Mar-24,1,B,708.0,1073.0,704.0,96010.0,
Mar-24,1,C,200.0,303.0,198.0,75599.0,
Mar-24,1,D,520.0,646.0,518.0,9400.0,
Mar-24,1,E,159.0,282.0,150.0,95010.0,
Mar-24,2,A,936.0,1922.0,935.0,85489.0,78482.0
Mar-24,2,B,656.0,1066.0,615.0,96011.0,98062.0
Mar-24,2,C,202.0,313.0,202.0,70112.0,71053.0
Mar-24,2,D,521.0,629.0,516.0,9689.0,9286.0
Mar-24,2,E,157.0,256.0,157.0,95856.0,
May-02,1,A,1128.0,1705.0,1127.0,35000.0,
May-02,1,B,560.0,1043.0,518.0,40001.0,
May-02,1,C,506.0,900.0,472.0,24801.0,
May-02,1,D,836.0,976.0,793.0,402.0,
May-02,1,E,960.0,1880.0,930.0,40001.0,
May-02,2,A,1111.0,1320.0,1080.0,33401.0,34382.0
May-02,2,B,552.0,894.0,541.0,38001.0,37731.0
May-02,2,C,522.0,815.0,508.0,24002.0,23868.0
May-02,2,D,833.0,1044.0,831.0,283.0,496.0
May-02,2,E,910.0,1835.0,877.0,38399.0,
May-03,1,A,1479.0,3284.0,1479.0,29299.0,
May-03,1,B,914.0,1788.0,913.0,28589.0,
May-03,1,C,602.0,781.0,595.0,10889.0,
May-03,1,D,561.0,671.0,530.0,233.0,
May-03,1,E,891.0,1320.0,891.0,29538.0,
May-03,2,A,1471.0,2621.0,1463.0,31095.0,28542.0
May-03,2,B,915.0,1592.0,913.0,31400.0,27942.0
May-03,2,C,615.0,721.0,615.0,10710.0,10926.0
May-03,2,D,573.0,791.0,553.0,351.0,154.0
May-03,2,E,888.0,1478.0,885.0,31800.0,
May-04,1,A,1943.0,2565.0,1943.0,27507.0,
May-04,1,B,934.0,1192.0,930.0,26700.0,
May-04,1,C,653.0,853.0,639.0,13089.0,
May-04,1,D,507.0,912.0,503.0,803.0,
May-04,1,E,1037.0,1372.0,1033.0,28000.0,
May-04,2,A,1933.0,2236.0,1922.0,27501.0,26467.0
May-04,2,B,932.0,1175.0,932.0,27990.0,26912.0
May-04,2,C,631.0,839.0,624.0,11101.0,11348.0
May-04,2,D,514.0,1301.0,263.0,801.0,662.0
May-04,2,E,1032.0,1489.0,1029.0,28101.0,
May-05,1,A,2193.0,2594.0,2185.0,17398.0,
May-05,1,B,1100.0,1339.0,1087.0,16508.0,
May-05,1,C,595.0,686.0,594.0,5800.0,
May-05,1,D,511.0,736.0,408.0,702.0,
May-05,1,E,1138.0,1719.0,1125.0,17699.0,
May-05,2,A,2254.0,2548.0,2251.0,16897.0,18372.0
May-05,2,B,1100.0,1322.0,1087.0,16108.0,17690.0
May-05,2,C,588.0,719.0,583.0,5900.0,6556.0
May-05,2,D,506.0,700.0,506.0,782.0,719.0
May-05,2,E,1150.0,1695.0,1135.0,17399.0,
May-06,1,A,2223.0,2426.0,2222.0,10003.0,
May-06,1,B,1089.0,1293.0,1077.0,11519.0,
May-06,1,C,568.0,727.0,564.0,12101.0,
May-06,1,D,489.0,611.0,489.0,802.0,
May-06,1,E,1118.0,1475.0,1110.0,12402.0,
May-06,2,A,2222.0,2473.0,2222.0,10100.0,11168.0
May-06,2,B,1091.0,1337.0,1087.0,11801.0,12656.0
May-06,2,C,573.0,710.0,566.0,11100.0,10266.0
May-06,2,D,491.0,563.0,490.0,809.0,770.0
May-06,2,E,1176.0,1570.0,1176.0,11717.0,
May-07,1,A,2163.0,3449.0,2163.0,16159.0,
May-07,1,B,1125.0,1811.0,1118.0,17879.0,
May-07,1,C,445.0,621.0,444.0,8300.0,
May-07,1,D,491.0,772.0,487.0,1345.0,
May-07,1,E,1089.0,2033.0,1082.0,17856.0,
May-07,2,A,2158.0,2825.0,2147.0,17010.0,14646.0
May-07,2,B,1127.0,1679.0,1105.0,18900.0,15969.0
May-07,2,C,446.0,661.0,443.0,10000.0,4547.0
May-07,2,D,479.0,750.0,438.0,1352.0,1144.0
May-07,2,E,1091.0,1897.0,1088.0,19510.0,
May-08,1,A,2053.0,2211.0,2051.0,11009.0,
May-08,1,B,1101.0,1230.0,1075.0,15889.0,
May-08,1,C,384.0,493.0,384.0,15889.0,
May-08,1,D,447.0,569.0,438.0,1289.0,
May-08,1,E,886.0,1416.0,879.0,16500.0,
May-08,2,A,2063.0,2824.0,2062.0,15701.0,14830.0
May-08,2,B,1100.0,1396.0,1100.0,17113.0,17836.0
May-08,2,C,379.0,531.0,373.0,14756.0,16936.0
May-08,2,D,484.0,762.0,482.0,1109.0,1071.0
May-08,2,E,876.0,1345.0,873.0,16700.0,
May-09,1,A,1396.0,2037.0,1391.0,8489.0,
May-09,1,B,814.0,1021.0,814.0,7552.0,
May-09,1,C,231.0,310.0,225.0,7100.0,
May-09,1,D,392.0,569.0,376.0,902.0,
May-09,1,E,716.0,1409.0,713.0,8501.0,
May-09,2,A,1402.0,1999.0,1383.0,9889.0,7178.0
May-09,2,B,774.0,1051.0,774.0,9180.0,6971.0
May-09,2,C,238.0,320.0,228.0,7600.0,6586.0
May-09,2,D,393.0,535.0,378.0,810.0,921.0
May-09,2,E,725.0,1285.0,724.0,10046.0,
May-10,1,A,806.0,1294.0,798.0,26102.0,
May-10,1,B,550.0,869.0,547.0,38000.0,
May-10,1,C,189.0,329.0,187.0,32501.0,
May-10,1,D,340.0,415.0,317.0,1252.0,
May-10,1,E,404.0,857.0,403.0,39002.0,
May-10,2,A,699.0,1036.0,697.0,27389.0,27781.0
May-10,2,B,561.0,715.0,553.0,34600.0,36764.0
May-10,2,C,176.0,296.0,170.0,29389.0,32308.0
May-10,2,D,364.0,468.0,360.0,1312.0,1233.0
May-10,2,E,367.0,608.0,365.0,39000.0,
May-11,1,A,511.0,944.0,511.0,44790.0,
May-11,1,B,439.0,650.0,439.0,56011.0,
May-11,1,C,277.0,366.0,277.0,21889.0,
May-11,1,D,330.0,481.0,328.0,2253.0,
May-11,1,E,330.0,498.0,321.0,56490.0,
May-11,2,A,523.0,760.0,521.0,46989.0,44234.0
May-11,2,B,424.0,564.0,424.0,56300.0,57169.0
May-11,2,C,283.0,381.0,279.0,22989.0,26110.0
May-11,2,D,326.0,486.0,324.0,2013.0,2400.0
May-11,2,E,331.0,470.0,322.0,56889.0,
May-12,1,A,641.0,822.0,593.0,62600.0,
May-12,1,B,354.0,545.0,354.0,92050.0,
May-12,1,C,159.0,218.0,159.0,58553.0,
May-12,1,D,410.0,514.0,410.0,2021.0,
May-12,1,E,311.0,457.0,304.0,88990.0,
May-12,2,A,630.0,945.0,617.0,58001.0,59393.0
May-12,2,B,349.0,482.0,349.0,85216.0,85546.0
May-12,2,C,162.0,205.0,161.0,57106.0,54793.0
May-12,2,D,410.0,520.0,410.0,1890.0,1871.0
May-12,2,E,321.0,544.0,312.0,86889.0,
May-13,1,A,336.0,912.0,329.0,62999.0,
May-13,1,B,317.0,601.0,317.0,61700.0,
May-13,1,C,225.0,312.0,223.0,57051.0,
May-13,1,D,600.0,719.0,595.0,1700.0,
May-13,1,E,239.0,447.0,238.0,62301.0,
May-13,2,A,333.0,888.0,324.0,64839.0,65044.0
May-13,2,B,332.0,749.0,329.0,67304.0,65001.0
May-13,2,C,233.0,288.0,232.0,56889.0,56078.0
May-13,2,D,507.0,642.0,459.0,1663.0,1795.0
May-13,2,E,251.0,466.0,239.0,66701.0,
May-14,1,A,513.0,676.0,512.0,60002.0,
May-14,1,B,483.0,778.0,472.0,70002.0,
May-14,1,C,389.0,715.0,389.0,36301.0,
May-14,1,D,343.0,445.0,340.0,4001.0,
May-14,1,E,295.0,525.0,295.0,65501.0,
May-14,2,A,509.0,997.0,506.0,65689.0,71672.0
May-14,2,B,484.0,716.0,477.0,68103.0,76872.0
May-14,2,C,392.0,709.0,386.0,40889.0,44963.0
May-14,2,D,358.0,492.0,316.0,4003.0,4215.0
May-14,2,E,294.0,497.0,285.0,67290.0,
May-15,1,A,1444.0,2891.0,1438.0,68589.0,
May-15,1,B,934.0,1631.0,934.0,77600.0,
May-15,1,C,373.0,545.0,370.0,50098.0,
May-15,1,D,334.0,462.0,321.0,6512.0,
May-15,1,E,292.0,445.0,290.0,78004.0,
May-15,2,A,1434.0,2351.0,1431.0,66590.0,66107.0
May-15,2,B,948.0,1401.0,948.0,75002.0,74629.0
May-15,2,C,370.0,546.0,365.0,52001.0,55934.0
May-15,2,D,334.0,433.0,298.0,6501.0,6207.0
May-15,2,E,283.0,364.0,281.0,78001.0,
May-16,1,A,2218.0,3446.0,2217.0,47889.0,
May-16,1,B,1462.0,2435.0,1454.0,51010.0,
May-16,1,C,232.0,324.0,232.0,42302.0,
May-16,1,D,399.0,519.0,389.0,6302.0,
May-16,1,E,750.0,1380.0,728.0,49000.0,
May-16,2,A,2217.0,3227.0,2182.0,47020.0,46454.0
May-16,2,B,1537.0,2322.0,1536.0,49156.0,48479.0
May-16,2,C,229.0,355.0,229.0,43002.0,44652.0
May-16,2,D,414.0,500.0,389.0,6303.0,6451.0
May-16,2,E,534.0,815.0,510.0,49700.0,
May-17,1,A,1905.0,2240.0,1905.0,51106.0,
May-17,1,B,1320.0,1996.0,1316.0,55414.0,
May-17,1,C,1084.0,2586.0,1078.0,26029.0,
May-17,1,D,455.0,567.0,433.0,6301.0,
May-17,1,E,529.0,755.0,528.0,55000.0,
May-17,2,A,1920.0,2601.0,1913.0,46489.0,50625.0
May-17,2,B,1325.0,1725.0,1325.0,53001.0,54088.0
May-17,2,C,1085.0,2492.0,1084.0,30600.0,37513.0
May-17,2,D,476.0,602.0,470.0,6101.0,7045.0
May-17,2,E,532.0,731.0,506.0,52000.0,
May-18,1,A,1435.0,1836.0,1428.0,38941.0,
May-18,1,B,1280.0,2155.0,1267.0,38501.0,
May-18,1,C,308.0,611.0,188.0,33190.0,
May-18,1,D,560.0,1171.0,515.0,7204.0,
May-18,1,E,565.0,1008.0,562.0,38600.0,
May-18,2,A,1434.0,1805.0,1422.0,38001.0,38214.0
May-18,2,B,1283.0,1915.0,1247.0,37989.0,37906.0
May-18,2,C,385.0,786.0,382.0,29901.0,33717.0
May-18,2,D,529.0,898.0,529.0,7115.0,7360.0
May-18,2,E,558.0,836.0,533.0,38700.0,
May-19,1,A,1431.0,1988.0,1431.0,36704.0,
May-19,1,B,1139.0,1360.0,1139.0,48010.0,
May-19,1,C,394.0,610.0,394.0,28559.0,
May-19,1,D,923.0,1154.0,896.0,3352.0,
May-19,1,E,384.0,513.0,379.0,52502.0,
May-19,2,A,1475.0,1799.0,1475.0,27000.0,29839.0
May-19,2,B,1163.0,1407.0,1161.0,42564.0,43007.0
May-19,2,C,409.0,600.0,406.0,27400.0,28264.0
May-19,2,D,898.0,1193.0,886.0,3202.0,3430.0
May-19,2,E,382.0,626.0,375.0,47000.0,
May-20,2,A,,,,,32875.0
May-20,2,B,,,,,33568.0
May-20,2,C,,,,,24271.0
May-20,2,D,,,,,4352.0
May-21,1,A,832.0,1100.0,803.0,48002.0,
May-21,1,B,819.0,1244.0,813.0,60001.0,
May-21,1,C,157.0,261.0,119.0,43001.0,
May-21,1,D,650.0,901.0,639.0,8011.0,
May-21,1,E,268.0,387.0,268.0,63002.0,
May-21,2,A,835.0,1209.0,834.0,41801.0,45272.0
May-21,2,B,817.0,1089.0,817.0,58089.0,53932.0
May-21,2,C,164.0,315.0,83.0,41701.0,40324.0
May-21,2,D,628.0,904.0,625.0,8701.0,8043.0
May-21,2,E,266.0,400.0,260.0,62000.0,
May-22,1,A,612.0,804.0,612.0,70901.0,
May-22,1,B,527.0,699.0,526.0,92090.0,
May-22,1,C,104.0,184.0,100.0,50890.0,
May-22,1,D,563.0,773.0,560.0,9489.0,
May-22,1,E,195.0,283.0,195.0,91112.0,
May-22,2,A,625.0,819.0,623.0,68001.0,70109.0
May-22,2,B,528.0,709.0,523.0,95889.0,95025.0
May-22,2,C,103.0,220.0,103.0,51501.0,51615.0
May-22,2,D,609.0,899.0,600.0,9490.0,10198.0
May-22,2,E,191.0,309.0,187.0,95901.0,
May-23,1,A,474.0,663.0,472.0,101001.0,
May-23,1,B,410.0,513.0,410.0,119399.0,
May-23,1,C,68.0,109.0,68.0,75589.0,
May-23,1,D,554.0,670.0,542.0,5002.0,
May-23,1,E,125.0,271.0,125.0,124002.0,
May-23,2,A,596.0,936.0,588.0,92000.0,95788.0
May-23,2,B,480.0,713.0,480.0,113034.0,117255.0
May-23,2,C,72.0,148.0,70.0,77501.0,80286.0
May-23,2,D,571.0,1438.0,562.0,10602.0,10696.0
May-23,2,E,125.0,301.0,104.0,125000.0,
May-24,1,A,968.0,1632.0,968.0,93604.0,
May-24,1,B,666.0,1237.0,638.0,105002.0,
May-24,1,C,206.0,350.0,181.0,70001.0,
May-24,1,D,528.0,630.0,528.0,9503.0,
May-24,1,E,177.0,317.0,169.0,104689.0,
May-24,2,A,983.0,1444.0,980.0,92700.0,89634.0
May-24,2,B,658.0,1099.0,641.0,105689.0,101008.0
May-24,2,C,207.0,382.0,198.0,72001.0,70620.0
May-24,2,D,526.0,604.0,523.0,9311.0,9649.0
May-24,2,E,178.0,295.0,176.0,105002.0,
Nov-02,1,A,1346.0,1724.0,1346.0,29113.0,
Nov-02,1,B,663.0,866.0,663.0,27667.0,
Nov-02,1,C,571.0,709.0,570.0,14995.0,
Nov-02,1,D,940.0,1004.0,938.0,10.0,
Nov-02,1,E,1097.0,1663.0,1083.0,27999.0,
Nov-02,2,A,1334.0,1942.0,1328.0,29008.0,29854.0
Nov-02,2,B,663.0,879.0,597.0,28001.0,29650.0
Nov-02,2,C,576.0,736.0,567.0,13789.0,16000.0
Nov-02,2,D,835.0,676.0,676.0,1.0,24.0
Nov-02,2,E,1095.0,1445.0,1094.0,28005.0,
Nov-03,1,A,1921.0,2106.0,1921.0,26338.0,
Nov-03,1,B,1160.0,1368.0,1136.0,26001.0,
Nov-03,1,C,688.0,871.0,685.0,8489.0,
Nov-03,1,D,559.0,663.0,486.0,202.0,
Nov-03,1,E,1172.0,1690.0,1161.0,26700.0,
Nov-03,2,A,1911.0,2315.0,1911.0,26725.0,27653.0
Nov-03,2,B,1157.0,1344.0,1157.0,25481.0,27620.0
Nov-03,2,C,691.0,839.0,686.0,7789.0,9211.0
Nov-03,2,D,562.0,753.0,555.0,221.0,263.0
Nov-03,2,E,1155.0,1495.0,951.0,26999.0,
Nov-04,1,A,2514.0,3115.0,2507.0,22496.0,
Nov-04,1,B,1137.0,1323.0,1131.0,21301.0,
Nov-04,1,C,673.0,797.0,670.0,5795.0,
Nov-04,1,D,507.0,765.0,504.0,651.0,
Nov-04,1,E,1359.0,1835.0,1353.0,21798.0,
Nov-04,2,A,2514.0,3095.0,2507.0,22001.0,23712.0
Nov-04,2,B,1137.0,1326.0,1135.0,20300.0,23585.0
Nov-04,2,C,678.0,803.0,648.0,5001.0,6231.0
Nov-04,2,D,513.0,596.0,512.0,611.0,653.0
Nov-04,2,E,1336.0,1784.0,1306.0,21999.0,
Nov-05,1,A,2786.0,5624.0,2779.0,14700.0,
Nov-05,1,B,1265.0,2086.0,1263.0,14751.0,
Nov-05,1,C,588.0,872.0,582.0,8889.0,
Nov-05,1,D,506.0,585.0,478.0,602.0,
Nov-05,1,E,1460.0,1905.0,1441.0,14801.0,
Nov-05,2,A,2834.0,4781.0,2761.0,14001.0,14494.0
Nov-05,2,B,1282.0,1692.0,1276.0,14897.0,14408.0
Nov-05,2,C,587.0,717.0,587.0,8711.0,7869.0
Nov-05,2,D,507.0,653.0,503.0,579.0,592.0
Nov-05,2,E,1408.0,2002.0,1408.0,14505.0,
Nov-06,1,A,2695.0,4013.0,2693.0,12979.0,
Nov-06,1,B,1288.0,1683.0,1288.0,13811.0,
Nov-06,1,C,518.0,682.0,515.0,3669.0,
Nov-06,1,D,452.0,641.0,411.0,1201.0,
Nov-06,1,E,1360.0,2122.0,1359.0,14156.0,
Nov-06,2,A,2669.0,3499.0,2668.0,12689.0,12381.0
Nov-06,2,B,1269.0,1696.0,1266.0,14509.0,13819.0
Nov-06,2,C,540.0,577.0,539.0,1003.0,7880.0
Nov-06,2,D,483.0,512.0,476.0,702.0,961.0
Nov-06,2,E,1287.0,1981.0,1279.0,14501.0,
Nov-07,1,A,2164.0,3040.0,2149.0,16839.0,
Nov-07,1,B,1125.0,1438.0,1087.0,18001.0,
Nov-07,1,C,352.0,532.0,350.0,15001.0,
Nov-07,1,D,448.0,574.0,433.0,1301.0,
Nov-07,1,E,1112.0,1653.0,1111.0,17809.0,
Nov-07,2,A,2158.0,2450.0,2154.0,14404.0,16098.0
Nov-07,2,B,1126.0,1339.0,1126.0,16401.0,17814.0
Nov-07,2,C,349.0,488.0,349.0,14389.0,13218.0
Nov-07,2,D,442.0,613.0,404.0,1052.0,1107.0
Nov-07,2,E,1147.0,1683.0,1130.0,17001.0,
Nov-08,1,A,1848.0,2049.0,1848.0,10455.0,
Nov-08,1,B,1099.0,1216.0,1098.0,8301.0,
Nov-08,1,C,269.0,353.0,266.0,8889.0,
Nov-08,1,D,432.0,598.0,427.0,1509.0,
Nov-08,1,E,760.0,1061.0,752.0,10490.0,
Nov-08,2,A,1851.0,1852.0,1840.0,2.0,9808.0
Nov-08,2,B,1100.0,1181.0,1097.0,4889.0,10312.0
Nov-08,2,C,282.0,368.0,282.0,6189.0,11877.0
Nov-08,2,D,410.0,512.0,405.0,1012.0,1505.0
Nov-08,2,E,757.0,1027.0,751.0,6889.0,
Nov-09,1,A,1226.0,1395.0,1222.0,16747.0,
Nov-09,1,B,704.0,779.0,697.0,18389.0,
Nov-09,1,C,167.0,252.0,165.0,16989.0,
Nov-09,1,D,380.0,458.0,351.0,902.0,
Nov-09,1,E,582.0,923.0,575.0,19000.0,
Nov-09,2,A,1146.0,1261.0,1142.0,17189.0,17108.0
Nov-09,2,B,687.0,797.0,675.0,18002.0,18850.0
Nov-09,2,C,165.0,257.0,149.0,17000.0,17466.0
Nov-09,2,D,363.0,388.0,363.0,851.0,923.0
Nov-09,2,E,587.0,866.0,586.0,18267.0,
Nov-10,1,A,598.0,843.0,598.0,34001.0,
Nov-10,1,B,482.0,718.0,482.0,45501.0,
Nov-10,1,C,205.0,270.0,201.0,31006.0,
Nov-10,1,D,357.0,414.0,352.0,1452.0,
Nov-10,1,E,316.0,497.0,312.0,46001.0,
Nov-10,2,A,597.0,833.0,577.0,39000.0,33607.0
Nov-10,2,B,480.0,709.0,459.0,47890.0,44571.0
Nov-10,2,C,205.0,241.0,202.0,31202.0,31269.0
Nov-10,2,D,361.0,424.0,324.0,1502.0,1517.0
Nov-10,2,E,333.0,634.0,332.0,49890.0,
Nov-11,1,A,548.0,766.0,547.0,55997.0,
Nov-11,1,B,356.0,551.0,355.0,77000.0,
Nov-11,1,C,244.0,365.0,244.0,40803.0,
Nov-11,1,D,388.0,429.0,359.0,2012.0,
Nov-11,1,E,330.0,507.0,311.0,78001.0,
Nov-11,2,A,559.0,756.0,541.0,54887.0,52716.0
Nov-11,2,B,353.0,518.0,338.0,77340.0,70287.0
Nov-11,2,C,256.0,335.0,248.0,40189.0,35466.0
Nov-11,2,D,394.0,469.0,389.0,1889.0,2087.0
Nov-11,2,E,355.0,496.0,352.0,75889.0,
Nov-12,1,A,395.0,621.0,393.0,77201.0,
Nov-12,1,B,350.0,573.0,350.0,92400.0,
Nov-12,1,C,181.0,268.0,180.0,59111.0,
Nov-12,1,D,481.0,580.0,478.0,1959.0,
Nov-12,1,E,244.0,401.0,241.0,92100.0,
Nov-12,2,A,396.0,540.0,393.0,77291.0,70916.0
Nov-12,2,B,351.0,487.0,342.0,93004.0,86650.0
Nov-12,2,C,179.0,254.0,177.0,60235.0,58064.0
Nov-12,2,D,448.0,523.0,441.0,1689.0,1856.0
Nov-12,2,E,258.0,352.0,250.0,93990.0,
Nov-13,1,A,368.0,590.0,368.0,72609.0,
Nov-13,1,B,376.0,482.0,376.0,84578.0,
Nov-13,1,C,257.0,427.0,256.0,55503.0,
Nov-13,1,D,487.0,569.0,487.0,1710.0,
Nov-13,1,E,273.0,379.0,270.0,89001.0,
Nov-13,2,A,364.0,650.0,361.0,74991.0,78424.0
Nov-13,2,B,379.0,536.0,375.0,79300.0,84772.0
Nov-13,2,C,258.0,397.0,252.0,55002.0,67470.0
Nov-13,2,D,481.0,543.0,437.0,1712.0,1759.0
Nov-13,2,E,266.0,410.0,259.0,83000.0,
Nov-14,1,A,703.0,1196.0,692.0,64900.0,
Nov-14,1,B,574.0,832.0,559.0,70890.0,
Nov-14,1,C,143.0,257.0,143.0,63701.0,
Nov-14,1,D,316.0,380.0,315.0,4290.0,
Nov-14,1,E,272.0,403.0,271.0,71300.0,
Nov-14,2,A,701.0,1144.0,694.0,67889.0,64584.0
Nov-14,2,B,570.0,900.0,560.0,72890.0,72161.0
Nov-14,2,C,142.0,260.0,134.0,65001.0,57814.0
Nov-14,2,D,324.0,389.0,322.0,4189.0,4442.0
Nov-14,2,E,263.0,382.0,263.0,73900.0,
Nov-15,1,A,1664.0,2009.0,1623.0,56001.0,
Nov-15,1,B,1037.0,1267.0,1031.0,57501.0,
Nov-15,1,C,241.0,372.0,240.0,43809.0,
Nov-15,1,D,329.0,402.0,301.0,5912.0,
Nov-15,1,E,367.0,505.0,363.0,60689.0,
Nov-15,2,A,1662.0,2140.0,1650.0,59200.0,56832.0
Nov-15,2,B,1029.0,1388.0,1026.0,61103.0,59798.0
Nov-15,2,C,247.0,389.0,244.0,45890.0,44831.0
Nov-15,2,D,329.0,436.0,324.0,6502.0,6265.0
Nov-15,2,E,365.0,519.0,365.0,62019.0,
Nov-16,1,A,1929.0,2800.0,1929.0,52668.0,
Nov-16,1,B,1347.0,2012.0,1345.0,56206.0,
Nov-16,1,C,185.0,283.0,181.0,48001.0,
Nov-16,1,D,399.0,457.0,396.0,6311.0,
Nov-16,1,E,401.0,641.0,388.0,56000.0,
Nov-16,2,A,1846.0,2536.0,1846.0,50951.0,51271.0
Nov-16,2,B,1254.0,1708.0,1253.0,53001.0,55187.0
Nov-16,2,C,182.0,286.0,181.0,49002.0,48498.0
Nov-16,2,D,375.0,520.0,331.0,6212.0,6364.0
Nov-16,2,E,401.0,531.0,397.0,54901.0,
Nov-17,1,A,1683.0,3430.0,1683.0,47112.0,
Nov-17,1,B,1376.0,2515.0,1375.0,57414.0,
Nov-17,1,C,242.0,375.0,200.0,58036.0,
Nov-17,1,D,509.0,683.0,502.0,5502.0,
Nov-17,1,E,524.0,867.0,495.0,57000.0,
Nov-17,2,A,1686.0,2721.0,1679.0,46791.0,42698.0
Nov-17,2,B,1383.0,2173.0,1383.0,57390.0,51850.0
Nov-17,2,C,244.0,356.0,241.0,57701.0,51071.0
Nov-17,2,D,538.0,708.0,533.0,5992.0,5385.0
Nov-17,2,E,516.0,844.0,498.0,57501.0,
Nov-18,1,A,1819.0,2849.0,1757.0,28199.0,
Nov-18,1,B,1265.0,2142.0,1262.0,32302.0,
Nov-18,1,C,332.0,460.0,332.0,29501.0,
Nov-18,1,D,1121.0,1543.0,1104.0,2509.0,
Nov-18,1,E,557.0,862.0,544.0,32000.0,
Nov-18,2,A,1818.0,2231.0,1744.0,25000.0,27571.0
Nov-18,2,B,1241.0,1786.0,1234.0,31101.0,31553.0
Nov-18,2,C,331.0,580.0,327.0,27509.0,28187.0
Nov-18,2,D,1103.0,1423.0,1093.0,2989.0,3694.0
Nov-18,2,E,552.0,930.0,546.0,30959.0,
Nov-19,1,A,1043.0,1302.0,1031.0,30000.0,
Nov-19,1,B,1017.0,1296.0,1016.0,40009.0,
Nov-19,1,C,318.0,440.0,318.0,25392.0,
Nov-19,1,D,693.0,831.0,691.0,4100.0,
Nov-19,1,E,383.0,587.0,376.0,40101.0,
Nov-19,2,A,1023.0,1468.0,1012.0,32000.0,31976.0
Nov-19,2,B,1019.0,1331.0,1016.0,39700.0,39313.0
Nov-19,2,C,322.0,495.0,322.0,24502.0,25577.0
Nov-19,2,D,698.0,974.0,692.0,3921.0,3900.0
Nov-19,2,E,390.0,540.0,383.0,40889.0,
Nov-20,1,A,967.0,1262.0,952.0,35990.0,
Nov-20,1,B,1013.0,1415.0,985.0,39000.0,
Nov-20,1,C,370.0,558.0,370.0,31502.0,
Nov-20,1,D,533.0,727.0,532.0,7251.0,
Nov-20,1,E,464.0,683.0,463.0,39500.0,
Nov-20,2,A,972.0,1361.0,966.0,37690.0,37303.0
Nov-20,2,B,1007.0,1559.0,1006.0,41101.0,40714.0
Nov-20,2,C,369.0,597.0,367.0,30334.0,30656.0
Nov-20,2,D,537.0,679.0,532.0,7300.0,7339.0
Nov-20,2,E,520.0,803.0,512.0,41503.0,
Nov-21,1,A,536.0,834.0,531.0,53709.0,
Nov-21,1,B,587.0,839.0,581.0,82801.0,
Nov-21,1,C,92.0,173.0,89.0,42001.0,
Nov-21,1,D,417.0,543.0,409.0,9381.0,
Nov-21,1,E,159.0,257.0,155.0,88000.0,
Nov-21,2,A,537.0,706.0,535.0,55001.0,50570.0
Nov-21,2,B,594.0,797.0,585.0,79601.0,73954.0
Nov-21,2,C,91.0,164.0,91.0,43502.0,40650.0
Nov-21,2,D,412.0,557.0,397.0,9381.0,9317.0
Nov-21,2,E,164.0,253.0,133.0,86001.0,
Nov-22,1,A,460.0,687.0,460.0,87235.0,
Nov-22,1,B,411.0,640.0,393.0,115388.0,
Nov-22,1,C,70.0,147.0,69.0,76302.0,
Nov-22,1,D,441.0,537.0,440.0,13189.0,
Nov-22,1,E,146.0,283.0,143.0,116577.0,
Nov-22,2,A,459.0,622.0,444.0,90589.0,84903.0
Nov-22,2,B,416.0,568.0,416.0,113881.0,109363.0
Nov-22,2,C,73.0,122.0,73.0,81802.0,71048.0
Nov-22,2,D,445.0,594.0,420.0,12589.0,12204.0
Nov-22,2,E,150.0,242.0,149.0,114009.0,
Nov-23,1,A,924.0,1165.0,915.0,95689.0,
Nov-23,1,B,636.0,830.0,631.0,110001.0,
Nov-23,1,C,190.0,281.0,186.0,78001.0,
Nov-23,1,D,520.0,630.0,512.0,10889.0,
Nov-23,1,E,141.0,227.0,136.0,125011.0,
Nov-23,2,A,925.0,1291.0,925.0,85001.0,99449.0
Nov-23,2,B,648.0,1228.0,638.0,135336.0,136187.0
Nov-23,2,C,190.0,368.0,186.0,73889.0,81545.0
Nov-23,2,D,545.0,702.0,518.0,10001.0,10758.0
Nov-23,2,E,151.0,323.0,144.0,135002.0,
Nov-24,1,A,1040.0,1338.0,1035.0,99889.0,
Nov-24,1,B,696.0,1039.0,683.0,108001.0,
Nov-24,1,C,236.0,365.0,209.0,68340.0,
Nov-24,1,D,520.0,598.0,520.0,9089.0,
Nov-24,1,E,189.0,321.0,189.0,109000.0,
Nov-24,2,A,1041.0,1320.0,1038.0,89889.0,98582.0
Nov-24,2,B,678.0,874.0,678.0,105081.0,109880.0
Nov-24,2,C,235.0,378.0,214.0,69000.0,72215.0
Nov-24,2,D,524.0,637.0,524.0,8669.0,9509.0
Nov-24,2,E,179.0,298.0,176.0,107501.0,
Oct-02,1,A,1115.0,1889.0,1101.0,31334.0,
Oct-02,1,B,553.0,917.0,553.0,31795.0,
Oct-02,1,C,508.0,682.0,508.0,17581.0,
Oct-02,1,D,839.0,1061.0,731.0,36.0,
Oct-02,1,E,917.0,1501.0,911.0,30989.0,
Oct-02,2,A,1112.0,1624.0,1110.0,30758.0,30430.0
Oct-02,2,B,552.0,850.0,551.0,30811.0,31021.0
Oct-02,2,C,523.0,651.0,517.0,16819.0,16687.0
Oct-02,2,D,832.0,907.0,829.0,22.0,55.0
Oct-02,2,E,910.0,1377.0,905.0,30801.0,
Oct-03,1,A,1914.0,3039.0,1904.0,28915.0,
Oct-03,1,B,1175.0,1565.0,1172.0,28199.0,
Oct-03,1,C,688.0,834.0,688.0,9889.0,
Oct-03,1,D,670.0,854.0,668.0,270.0,
Oct-03,1,E,1167.0,1594.0,1148.0,28997.0,
Oct-03,2,A,1925.0,2558.0,1925.0,28300.0,29057.0
Oct-03,2,B,1163.0,1374.0,1162.0,27989.0,29190.0
Oct-03,2,C,693.0,879.0,690.0,9090.0,10331.0
Oct-03,2,D,653.0,1083.0,647.0,280.0,322.0
Oct-03,2,E,1154.0,1551.0,1151.0,27900.0,
Oct-04,1,A,2523.0,3106.0,2522.0,23001.0,
Oct-04,1,B,1145.0,1505.0,1145.0,23001.0,
Oct-04,1,C,678.0,795.0,677.0,6300.0,
Oct-04,1,D,507.0,774.0,499.0,652.0,
Oct-04,1,E,1340.0,2199.0,1317.0,22000.0,
Oct-04,2,A,2515.0,3805.0,2514.0,23784.0,24979.0
Oct-04,2,B,1137.0,1434.0,1137.0,23005.0,25549.0
Oct-04,2,C,678.0,761.0,672.0,5989.0,7013.0
Oct-04,2,D,503.0,751.0,489.0,602.0,645.0
Oct-04,2,E,1381.0,1858.0,1381.0,23369.0,
Oct-05,1,A,2785.0,3188.0,2784.0,11991.0,
Oct-05,1,B,1288.0,1485.0,1288.0,11002.0,
Oct-05,1,C,616.0,741.0,616.0,7334.0,
Oct-05,1,D,513.0,627.0,513.0,551.0,
Oct-05,1,E,1417.0,1706.0,1352.0,12000.0,
Oct-05,2,A,2808.0,5927.0,2759.0,14501.0,15145.0
Oct-05,2,B,1267.0,2046.0,1250.0,14101.0,14832.0
Oct-05,2,C,587.0,730.0,587.0,7911.0,7089.0
Oct-05,2,D,508.0,640.0,507.0,571.0,616.0
Oct-05,2,E,1441.0,2115.0,1427.0,14503.0,
Oct-06,1,A,2670.0,2953.0,2644.0,12001.0,
Oct-06,1,B,1272.0,1496.0,1253.0,12501.0,
Oct-06,1,C,519.0,900.0,509.0,11203.0,
Oct-06,1,D,465.0,761.0,460.0,1001.0,
Oct-06,1,E,1370.0,2056.0,1292.0,13000.0,
Oct-06,2,A,2669.0,2761.0,2669.0,10510.0,12251.0
Oct-06,2,B,1269.0,1530.0,1269.0,12989.0,13497.0
Oct-06,2,C,663.0,749.0,630.0,2001.0,10402.0
Oct-06,2,D,448.0,633.0,412.0,1102.0,971.0
Oct-06,2,E,1295.0,1976.0,1290.0,12605.0,
Oct-07,1,A,2165.0,2604.0,2160.0,16999.0,
Oct-07,1,B,1125.0,1409.0,1125.0,17102.0,
Oct-07,1,C,354.0,496.0,347.0,13989.0,
Oct-07,1,D,443.0,594.0,434.0,1101.0,
Oct-07,1,E,1087.0,1527.0,1062.0,18000.0,
Oct-07,2,A,2158.0,2472.0,2158.0,12401.0,15077.0
Oct-07,2,B,1133.0,1370.0,1132.0,17589.0,17749.0
Oct-07,2,C,344.0,428.0,339.0,15889.0,10430.0
Oct-07,2,D,440.0,593.0,437.0,1050.0,1121.0
Oct-07,2,E,1088.0,1586.0,1028.0,18000.0,
Oct-08,1,A,1856.0,2320.0,1848.0,13801.0,
Oct-08,1,B,1132.0,1338.0,1132.0,14400.0,
Oct-08,1,C,266.0,318.0,261.0,15899.0,
Oct-08,1,D,410.0,695.0,387.0,1889.0,
Oct-08,1,E,754.0,1144.0,747.0,15058.0,
Oct-08,2,A,1846.0,2149.0,1835.0,10989.0,12364.0
Oct-08,2,B,1100.0,1302.0,1099.0,7589.0,12577.0
Oct-08,2,C,270.0,390.0,252.0,11503.0,13627.0
Oct-08,2,D,420.0,576.0,419.0,1609.0,1538.0
Oct-08,2,E,769.0,1100.0,765.0,12001.0,
Oct-09,1,A,1151.0,1392.0,1072.0,16201.0,
Oct-09,1,B,685.0,816.0,666.0,18109.0,
Oct-09,1,C,167.0,241.0,165.0,21692.0,
Oct-09,1,D,365.0,429.0,349.0,902.0,
Oct-09,1,E,584.0,1062.0,584.0,21301.0,
Oct-09,2,A,1149.0,1544.0,1149.0,18899.0,16231.0
Oct-09,2,B,688.0,832.0,686.0,19510.0,18649.0
Oct-09,2,C,174.0,264.0,174.0,18110.0,17851.0
Oct-09,2,D,364.0,435.0,364.0,931.0,928.0
Oct-09,2,E,592.0,1082.0,586.0,19901.0,
Oct-10,1,A,601.0,722.0,601.0,33132.0,
Oct-10,1,B,479.0,630.0,476.0,42801.0,
Oct-10,1,C,218.0,287.0,217.0,30889.0,
Oct-10,1,D,345.0,422.0,320.0,1502.0,
Oct-10,1,E,311.0,518.0,304.0,44090.0,
Oct-10,2,A,647.0,817.0,647.0,32415.0,31624.0
Oct-10,2,B,479.0,766.0,478.0,44600.0,43363.0
Oct-10,2,C,210.0,287.0,210.0,30511.0,30920.0
Oct-10,2,D,333.0,430.0,304.0,1689.0,1450.0
Oct-10,2,E,311.0,455.0,287.0,44900.0,
Oct-11,1,A,549.0,793.0,549.0,50289.0,
Oct-11,1,B,356.0,524.0,353.0,63600.0,
Oct-11,1,C,249.0,348.0,247.0,32801.0,
Oct-11,1,D,394.0,486.0,394.0,2078.0,
Oct-11,1,E,331.0,452.0,331.0,65058.0,
Oct-11,2,A,565.0,873.0,554.0,56112.0,50585.0
Oct-11,2,B,353.0,633.0,353.0,75889.0,67299.0
Oct-11,2,C,244.0,354.0,229.0,37011.0,33017.0
Oct-11,2,D,387.0,486.0,380.0,2091.0,2085.0
Oct-11,2,E,330.0,518.0,306.0,73600.0,
Oct-12,1,A,401.0,506.0,399.0,69000.0,
Oct-12,1,B,350.0,414.0,350.0,80001.0,
Oct-12,1,C,186.0,221.0,185.0,56001.0,
Oct-12,1,D,447.0,631.0,413.0,1912.0,
Oct-12,1,E,243.0,312.0,242.0,86889.0,
Oct-12,2,A,393.0,509.0,390.0,71001.0,68566.0
Oct-12,2,B,353.0,540.0,353.0,85801.0,86167.0
Oct-12,2,C,180.0,229.0,180.0,57889.0,57562.0
Oct-12,2,D,463.0,605.0,462.0,1920.0,1930.0
Oct-12,2,E,249.0,371.0,233.0,87000.0,
Oct-13,1,A,365.0,615.0,361.0,85000.0,
Oct-13,1,B,376.0,649.0,373.0,93500.0,
Oct-13,1,C,261.0,315.0,261.0,76310.0,
Oct-13,1,D,481.0,567.0,475.0,1961.0,
Oct-13,1,E,342.0,483.0,330.0,93889.0,
Oct-13,2,A,373.0,596.0,373.0,76889.0,79121.0
Oct-13,2,B,382.0,515.0,376.0,87910.0,83160.0
Oct-13,2,C,263.0,358.0,262.0,68002.0,72261.0
Oct-13,2,D,482.0,586.0,481.0,1804.0,1774.0
Oct-13,2,E,269.0,337.0,264.0,92289.0,
Oct-14,1,A,575.0,1097.0,570.0,63880.0,
Oct-14,1,B,505.0,852.0,501.0,72180.0,
Oct-14,1,C,259.0,516.0,257.0,57389.0,
Oct-14,1,D,316.0,502.0,316.0,4800.0,
Oct-14,1,E,245.0,390.0,236.0,72003.0,
Oct-14,2,A,572.0,1092.0,569.0,63990.0,64171.0
Oct-14,2,B,507.0,822.0,506.0,72002.0,71811.0
Oct-14,2,C,267.0,416.0,266.0,61000.0,54097.0
Oct-14,2,D,317.0,431.0,310.0,4412.0,4480.0
Oct-14,2,E,242.0,335.0,242.0,72201.0,
Oct-15,1,A,1687.0,2210.0,1679.0,56001.0,
Oct-15,1,B,1057.0,1373.0,1044.0,58190.0,
Oct-15,1,C,182.0,331.0,181.0,44890.0,
Oct-15,1,D,400.0,438.0,398.0,6201.0,
Oct-15,1,E,366.0,582.0,360.0,58801.0,
Oct-15,2,A,1690.0,2229.0,1684.0,57301.0,56583.0
Oct-15,2,B,1073.0,1367.0,1069.0,59889.0,60519.0
Oct-15,2,C,192.0,340.0,186.0,42303.0,45848.0
Oct-15,2,D,355.0,430.0,353.0,6302.0,6248.0
Oct-15,2,E,361.0,584.0,356.0,60000.0,
Oct-16,1,A,2064.0,2938.0,1979.0,51507.0,
Oct-16,1,B,1350.0,1785.0,1246.0,53001.0,
Oct-16,1,C,176.0,232.0,172.0,48702.0,
Oct-16,1,D,387.0,498.0,359.0,6353.0,
Oct-16,1,E,436.0,642.0,435.0,54200.0,
Oct-16,2,A,2023.0,2584.0,2021.0,50991.0,51641.0
Oct-16,2,B,1340.0,1768.0,1329.0,56410.0,56053.0
Oct-16,2,C,188.0,252.0,187.0,45589.0,48381.0
Oct-16,2,D,360.0,430.0,356.0,6354.0,6370.0
Oct-16,2,E,429.0,678.0,428.0,56340.0,
Oct-17,1,A,1829.0,2808.0,1827.0,41761.0,
Oct-17,1,B,1285.0,1646.0,1284.0,48109.0,
Oct-17,1,C,492.0,723.0,492.0,48902.0,
Oct-17,1,D,485.0,721.0,484.0,5010.0,
Oct-17,1,E,540.0,869.0,528.0,49000.0,
Oct-17,2,A,1815.0,2391.0,1809.0,41617.0,41994.0
Oct-17,2,B,1285.0,1718.0,1277.0,49996.0,50168.0
Oct-17,2,C,445.0,611.0,443.0,51890.0,45915.0
Oct-17,2,D,478.0,687.0,449.0,4903.0,5005.0
Oct-17,2,E,542.0,809.0,539.0,52000.0,
Oct-18,1,A,1668.0,2059.0,1665.0,28457.0,
Oct-18,1,B,1271.0,1886.0,1241.0,31301.0,
Oct-18,1,C,342.0,522.0,340.0,28501.0,
Oct-18,1,D,827.0,1140.0,809.0,4109.0,
Oct-18,1,E,561.0,1066.0,543.0,32552.0,
Oct-18,2,A,1674.0,1811.0,1672.0,25556.0,29670.0
Oct-18,2,B,1273.0,1856.0,1267.0,31302.0,32121.0
Oct-18,2,C,350.0,470.0,349.0,29501.0,28733.0
Oct-18,2,D,819.0,1201.0,819.0,3951.0,4512.0
Oct-18,2,E,539.0,779.0,527.0,32900.0,
Oct-19,1,A,1057.0,1659.0,1033.0,34001.0,
Oct-19,1,B,1048.0,1559.0,1042.0,41361.0,
Oct-19,1,C,286.0,522.0,286.0,26509.0,
Oct-19,1,D,765.0,1036.0,763.0,3800.0,
Oct-19,1,E,364.0,601.0,358.0,41001.0,
Oct-19,2,A,1060.0,1467.0,1056.0,32309.0,32416.0
Oct-19,2,B,1044.0,1503.0,1037.0,41805.0,39129.0
Oct-19,2,C,284.0,439.0,279.0,26001.0,26312.0
Oct-19,2,D,753.0,989.0,746.0,3889.0,4014.0
Oct-19,2,E,369.0,506.0,356.0,42020.0,
Oct-20,1,A,912.0,1272.0,907.0,36534.0,
Oct-20,1,B,805.0,1218.0,800.0,40690.0,
Oct-20,1,C,316.0,587.0,314.0,33089.0,
Oct-20,1,D,429.0,677.0,420.0,7451.0,
Oct-20,1,E,427.0,688.0,426.0,40301.0,
Oct-20,2,A,916.0,1323.0,907.0,37334.0,36475.0
Oct-20,2,B,793.0,1272.0,793.0,40990.0,40014.0
Oct-20,2,C,316.0,538.0,315.0,33778.0,28535.0
Oct-20,2,D,423.0,560.0,410.0,7300.0,7436.0
Oct-20,2,E,430.0,672.0,373.0,39889.0,
Oct-21,1,A,816.0,1077.0,812.0,47001.0,
Oct-21,1,B,774.0,1130.0,774.0,70200.0,
Oct-21,1,C,125.0,233.0,123.0,38890.0,
Oct-21,1,D,444.0,633.0,438.0,9052.0,
Oct-21,1,E,214.0,442.0,200.0,72756.0,
Oct-21,2,A,811.0,1304.0,806.0,52709.0,47765.0
Oct-21,2,B,774.0,1240.0,767.0,80210.0,66387.0
Oct-21,2,C,126.0,252.0,125.0,40501.0,40166.0
Oct-21,2,D,450.0,597.0,449.0,9310.0,9257.0
Oct-21,2,E,210.0,391.0,191.0,85000.0,
Oct-22,1,A,564.0,724.0,561.0,80501.0,
Oct-22,1,B,474.0,635.0,472.0,95856.0,
Oct-22,1,C,84.0,148.0,83.0,65991.0,
Oct-22,1,D,505.0,624.0,504.0,11751.0,
Oct-22,1,E,179.0,232.0,179.0,105001.0,
Oct-22,2,A,559.0,714.0,558.0,81089.0,83247.0
Oct-22,2,B,470.0,848.0,463.0,110000.0,107652.0
Oct-22,2,C,91.0,297.0,86.0,70201.0,63894.0
Oct-22,2,D,516.0,632.0,511.0,12801.0,11591.0
Oct-22,2,E,164.0,285.0,160.0,108003.0,
Oct-23,1,A,785.0,1039.0,779.0,104000.0,
Oct-23,1,B,474.0,643.0,472.0,146002.0,
Oct-23,1,C,114.0,191.0,112.0,85900.0,
Oct-23,1,D,497.0,661.0,494.0,10856.0,
Oct-23,1,E,140.0,261.0,140.0,152000.0,
Oct-23,2,A,797.0,1028.0,791.0,106000.0,102584.0
Oct-23,2,B,472.0,623.0,458.0,150001.0,138094.0
Oct-23,2,C,114.0,186.0,112.0,84790.0,83714.0
Oct-23,2,D,502.0,632.0,474.0,11201.0,11094.0
Oct-23,2,E,138.0,228.0,127.0,158004.0,
Oct-24,1,A,994.0,1604.0,986.0,103799.0,
Oct-24,1,B,671.0,1084.0,652.0,116002.0,
Oct-24,1,C,218.0,321.0,216.0,75009.0,
Oct-24,1,D,520.0,604.0,519.0,10001.0,
Oct-24,1,E,182.0,346.0,171.0,116000.0,
Oct-24,2,A,1058.0,1499.0,1048.0,102900.0,98317.0
Oct-24,2,B,670.0,975.0,669.0,113890.0,109698.0
Oct-24,2,C,222.0,337.0,222.0,72939.0,73242.0
Oct-24,2,D,522.0,626.0,515.0,9589.0,9701.0
Oct-24,2,E,177.0,327.0,177.0,114700.0,
Sep-02,1,A,1113.0,1337.0,1108.0,30501.0,
Sep-02,1,B,553.0,715.0,553.0,31617.0,
Sep-02,1,C,510.0,671.0,508.0,16403.0,
Sep-02,1,D,834.0,996.0,827.0,52.0,
Sep-02,1,E,926.0,1321.0,918.0,31493.0,
Sep-02,2,A,1120.0,1286.0,1118.0,28409.0,30449.0
Sep-02,2,B,569.0,756.0,569.0,28009.0,30852.0
Sep-02,2,C,505.0,615.0,487.0,16409.0,16686.0
Sep-02,2,D,838.0,872.0,838.0,21.0,72.0
Sep-02,2,E,936.0,1438.0,934.0,29499.0,
Sep-03,1,A,1479.0,1611.0,1476.0,25011.0,
Sep-03,1,B,919.0,1163.0,901.0,28001.0,
Sep-03,1,C,605.0,771.0,605.0,9981.0,
Sep-03,1,D,667.0,899.0,554.0,302.0,
Sep-03,1,E,891.0,1358.0,877.0,29000.0,
Sep-03,2,A,1473.0,2798.0,1459.0,30629.0,30118.0
Sep-03,2,B,915.0,1344.0,908.0,30048.0,30603.0
Sep-03,2,C,607.0,823.0,602.0,10023.0,11182.0
Sep-03,2,D,563.0,778.0,466.0,303.0,381.0
Sep-03,2,E,889.0,1345.0,887.0,30589.0,
Sep-04,1,A,1936.0,2628.0,1927.0,26801.0,
Sep-04,1,B,934.0,1214.0,926.0,27799.0,
Sep-04,1,C,631.0,743.0,626.0,7500.0,
Sep-04,1,D,509.0,874.0,501.0,701.0,
Sep-04,1,E,1031.0,1580.0,1027.0,27500.0,
Sep-04,2,A,1939.0,2126.0,1937.0,24189.0,26313.0
Sep-04,2,B,934.0,1129.0,934.0,26101.0,27213.0
Sep-04,2,C,632.0,710.0,626.0,6797.0,7820.0
Sep-04,2,D,500.0,649.0,496.0,699.0,638.0
Sep-04,2,E,1029.0,1300.0,984.0,26199.0,
Sep-05,1,A,2194.0,2854.0,2194.0,16461.0,
Sep-05,1,B,1109.0,1484.0,1086.0,16889.0,
Sep-05,1,C,588.0,719.0,560.0,7101.0,
Sep-05,1,D,559.0,715.0,552.0,656.0,
Sep-05,1,E,1155.0,1558.0,1133.0,16699.0,
Sep-05,2,A,2202.0,2428.0,2179.0,15309.0,16165.0
Sep-05,2,B,1108.0,1270.0,1106.0,14808.0,15982.0
Sep-05,2,C,587.0,679.0,587.0,7264.0,6719.0
Sep-05,2,D,555.0,778.0,553.0,590.0,663.0
Sep-05,2,E,1139.0,1433.0,1092.0,15699.0,
Sep-06,1,A,2223.0,2878.0,2222.0,13003.0,
Sep-06,1,B,1104.0,1448.0,1101.0,14701.0,
Sep-06,1,C,566.0,844.0,555.0,15201.0,
Sep-06,1,D,492.0,656.0,474.0,902.0,
Sep-06,1,E,1113.0,1911.0,1025.0,15200.0,
Sep-06,2,A,2223.0,2921.0,2223.0,13102.0,12000.0
Sep-06,2,B,1086.0,1440.0,1086.0,14399.0,12816.0
Sep-06,2,C,573.0,1027.0,417.0,14200.0,10110.0
Sep-06,2,D,497.0,620.0,496.0,857.0,917.0
Sep-06,2,E,1115.0,1871.0,1102.0,14900.0,
Sep-07,1,A,2309.0,3753.0,2303.0,17999.0,
Sep-07,1,B,1136.0,1594.0,1136.0,18200.0,
Sep-07,1,C,446.0,568.0,437.0,9539.0,
Sep-07,1,D,500.0,787.0,496.0,1081.0,
Sep-07,1,E,1096.0,1747.0,1096.0,19323.0,
Sep-07,2,A,2159.0,3055.0,2159.0,17941.0,15310.0
Sep-07,2,B,1125.0,1581.0,1117.0,19589.0,17801.0
Sep-07,2,C,453.0,590.0,453.0,10501.0,6916.0
Sep-07,2,D,480.0,772.0,479.0,1054.0,1119.0
Sep-07,2,E,1116.0,1789.0,1115.0,19199.0,
Sep-08,1,A,2038.0,2172.0,2022.0,9501.0,
Sep-08,1,B,1099.0,1195.0,1066.0,13389.0,
Sep-08,1,C,385.0,466.0,383.0,13889.0,
Sep-08,1,D,447.0,584.0,446.0,1452.0,
Sep-08,1,E,880.0,1503.0,879.0,14300.0,
Sep-08,2,A,2035.0,2765.0,2029.0,14100.0,13030.0
Sep-08,2,B,1127.0,1288.0,1126.0,13301.0,13868.0
Sep-08,2,C,385.0,489.0,379.0,14890.0,13330.0
Sep-08,2,D,446.0,605.0,435.0,1554.0,1462.0
Sep-08,2,E,880.0,1408.0,864.0,14889.0,
Sep-09,1,A,1395.0,1844.0,1391.0,18020.0,
Sep-09,1,B,767.0,1003.0,767.0,19289.0,
Sep-09,1,C,231.0,404.0,230.0,16001.0,
Sep-09,1,D,405.0,460.0,404.0,1051.0,
Sep-09,1,E,722.0,1227.0,720.0,19830.0,
Sep-09,2,A,1403.0,1527.0,1400.0,15589.0,15315.0
Sep-09,2,B,761.0,914.0,758.0,19801.0,18262.0
Sep-09,2,C,237.0,345.0,228.0,15000.0,16934.0
Sep-09,2,D,407.0,494.0,406.0,900.0,921.0
Sep-09,2,E,716.0,1244.0,705.0,20200.0,
Sep-10,1,A,631.0,775.0,628.0,33089.0,
Sep-10,1,B,479.0,757.0,479.0,44129.0,
Sep-10,1,C,204.0,291.0,190.0,33000.0,
Sep-10,1,D,342.0,453.0,329.0,1502.0,
Sep-10,1,E,310.0,460.0,308.0,44001.0,
Sep-10,2,A,597.0,993.0,547.0,30001.0,31643.0
Sep-10,2,B,488.0,648.0,488.0,42501.0,41929.0
Sep-10,2,C,206.0,271.0,201.0,31001.0,31018.0
Sep-10,2,D,338.0,364.0,337.0,1452.0,1353.0
Sep-10,2,E,309.0,520.0,307.0,43290.0,
Sep-11,1,A,548.0,794.0,547.0,51000.0,
Sep-11,1,B,359.0,496.0,356.0,63002.0,
Sep-11,1,C,243.0,328.0,236.0,31900.0,
Sep-11,1,D,388.0,532.0,382.0,2339.0,
Sep-11,1,E,330.0,466.0,329.0,65589.0,
Sep-11,2,A,548.0,951.0,531.0,48006.0,51517.0
Sep-11,2,B,353.0,469.0,353.0,64889.0,67551.0
Sep-11,2,C,250.0,325.0,248.0,30089.0,32564.0
Sep-11,2,D,392.0,492.0,392.0,2109.0,2119.0
Sep-11,2,E,332.0,449.0,332.0,62502.0,
Sep-12,1,A,399.0,518.0,391.0,68000.0,
Sep-12,1,B,355.0,466.0,355.0,80191.0,
Sep-12,1,C,183.0,269.0,177.0,57334.0,
Sep-12,1,D,450.0,575.0,450.0,1801.0,
Sep-12,1,E,245.0,349.0,245.0,87999.0,
Sep-12,2,A,402.0,486.0,402.0,63000.0,66578.0
Sep-12,2,B,351.0,523.0,349.0,88500.0,87331.0
Sep-12,2,C,182.0,230.0,181.0,57809.0,57140.0
Sep-12,2,D,450.0,566.0,434.0,1852.0,1895.0
Sep-12,2,E,252.0,421.0,245.0,89990.0,
Sep-13,1,A,366.0,609.0,365.0,77304.0,
Sep-13,1,B,381.0,623.0,378.0,77100.0,
Sep-13,1,C,258.0,340.0,254.0,73999.0,
Sep-13,1,D,481.0,569.0,481.0,1660.0,
Sep-13,1,E,263.0,431.0,181.0,80000.0,
Sep-13,2,A,370.0,654.0,361.0,83751.0,76654.0
Sep-13,2,B,377.0,703.0,368.0,86239.0,78508.0
Sep-13,2,C,263.0,321.0,257.0,76001.0,69217.0
Sep-13,2,D,523.0,579.0,521.0,1703.0,1700.0
Sep-13,2,E,261.0,459.0,253.0,87001.0,
Sep-14,1,A,572.0,813.0,568.0,64841.0,
Sep-14,1,B,511.0,909.0,511.0,73010.0,
Sep-14,1,C,258.0,429.0,256.0,49901.0,
Sep-14,1,D,316.0,382.0,316.0,4453.0,
Sep-14,1,E,241.0,385.0,235.0,74403.0,
Sep-14,2,A,573.0,792.0,573.0,62000.0,63672.0
Sep-14,2,B,509.0,785.0,507.0,71990.0,69429.0
Sep-14,2,C,261.0,437.0,252.0,49889.0,50265.0
Sep-14,2,D,320.0,394.0,318.0,4504.0,4320.0
Sep-14,2,E,256.0,395.0,252.0,74801.0,
Sep-15,1,A,1688.0,2553.0,1688.0,57089.0,
Sep-15,1,B,1059.0,1628.0,1058.0,62101.0,
Sep-15,1,C,182.0,371.0,182.0,46801.0,
Sep-15,1,D,355.0,473.0,310.0,6512.0,
Sep-15,1,E,363.0,580.0,358.0,61010.0,
Sep-15,2,A,1687.0,2276.0,1684.0,55399.0,56798.0
Sep-15,2,B,1058.0,1371.0,1041.0,60001.0,61441.0
Sep-15,2,C,182.0,356.0,172.0,45289.0,47983.0
Sep-15,2,D,402.0,509.0,402.0,6158.0,6301.0
Sep-15,2,E,368.0,542.0,368.0,61300.0,
Sep-16,1,A,2067.0,2739.0,2011.0,51506.0,
Sep-16,1,B,1372.0,2183.0,1358.0,57002.0,
Sep-16,1,C,175.0,260.0,175.0,49801.0,
Sep-16,1,D,362.0,521.0,334.0,6452.0,
Sep-16,1,E,458.0,723.0,450.0,56889.0,
Sep-16,2,A,2008.0,2610.0,1993.0,50000.0,52108.0
Sep-16,2,B,1338.0,2017.0,1334.0,55501.0,56751.0
Sep-16,2,C,177.0,237.0,165.0,49890.0,48963.0
Sep-16,2,D,403.0,478.0,402.0,6501.0,6305.0
Sep-16,2,E,429.0,592.0,429.0,55201.0,
Sep-17,1,A,1820.0,2195.0,1806.0,36001.0,
Sep-17,1,B,1290.0,1704.0,1290.0,49000.0,
Sep-17,1,C,453.0,695.0,406.0,43002.0,
Sep-17,1,D,543.0,871.0,535.0,5402.0,
Sep-17,1,E,543.0,805.0,543.0,48005.0,
Sep-17,2,A,1815.0,3469.0,1815.0,42902.0,42564.0
Sep-17,2,B,1288.0,1859.0,1288.0,49189.0,50451.0
Sep-17,2,C,453.0,706.0,453.0,46890.0,42953.0
Sep-17,2,D,494.0,727.0,493.0,5501.0,5328.0
Sep-17,2,E,565.0,905.0,563.0,49012.0,
Sep-18,1,A,1664.0,2488.0,1661.0,30209.0,
Sep-18,1,B,1274.0,1959.0,1268.0,32001.0,
Sep-18,1,C,386.0,612.0,381.0,27001.0,
Sep-18,1,D,874.0,1213.0,867.0,4390.0,
Sep-18,1,E,540.0,1006.0,506.0,31801.0,
Sep-18,2,A,1664.0,2059.0,1655.0,28000.0,30284.0
Sep-18,2,B,1278.0,1859.0,1269.0,31307.0,32279.0
Sep-18,2,C,542.0,921.0,529.0,27104.0,29397.0
Sep-18,2,D,821.0,1098.0,821.0,4214.0,5285.0
Sep-18,2,E,530.0,928.0,519.0,32000.0,
Sep-19,1,A,1056.0,1656.0,1056.0,31783.0,
Sep-19,1,B,1046.0,1289.0,1040.0,36001.0,
Sep-19,1,C,302.0,446.0,299.0,25502.0,
Sep-19,1,D,739.0,1086.0,712.0,4089.0,
Sep-19,1,E,359.0,552.0,350.0,37912.0,
Sep-19,2,A,1056.0,1453.0,1053.0,31759.0,30574.0
Sep-19,2,B,1044.0,1418.0,1042.0,37000.0,37502.0
Sep-19,2,C,283.0,544.0,282.0,25556.0,25842.0
Sep-19,2,D,907.0,1197.0,893.0,3601.0,3838.0
Sep-19,2,E,365.0,632.0,350.0,40000.0,
Sep-20,1,A,1035.0,1737.0,1035.0,37766.0,
Sep-20,1,B,904.0,1715.0,892.0,41510.0,
Sep-20,1,C,354.0,525.0,350.0,26644.0,
Sep-20,1,D,496.0,691.0,488.0,7399.0,
Sep-20,1,E,470.0,672.0,470.0,40790.0,
Sep-20,2,A,1034.0,1540.0,1031.0,38504.0,35200.0
Sep-20,2,B,912.0,1497.0,912.0,40989.0,38216.0
Sep-20,2,C,351.0,591.0,346.0,28589.0,25455.0
Sep-20,2,D,494.0,642.0,492.0,7331.0,7346.0
Sep-20,2,E,471.0,671.0,468.0,41001.0,
Sep-21,1,A,804.0,1124.0,790.0,47000.0,
Sep-21,1,B,791.0,1080.0,788.0,62600.0,
Sep-21,1,C,122.0,211.0,113.0,40001.0,
Sep-21,1,D,445.0,562.0,445.0,9689.0,
Sep-21,1,E,206.0,319.0,190.0,64700.0,
Sep-21,2,A,803.0,1040.0,795.0,48000.0,46482.0
Sep-21,2,B,772.0,1189.0,768.0,68310.0,60586.0
Sep-21,2,C,120.0,203.0,110.0,39000.0,40004.0
Sep-21,2,D,449.0,658.0,443.0,9089.0,9062.0
Sep-21,2,E,198.0,400.0,186.0,70002.0,
Sep-22,1,A,556.0,723.0,535.0,86000.0,
Sep-22,1,B,470.0,627.0,466.0,113000.0,
Sep-22,1,C,85.0,179.0,84.0,64989.0,
Sep-22,1,D,515.0,588.0,514.0,11301.0,
Sep-22,1,E,165.0,260.0,150.0,113299.0,
Sep-22,2,A,543.0,759.0,527.0,84000.0,82465.0
Sep-22,2,B,471.0,553.0,471.0,108051.0,109643.0
Sep-22,2,C,83.0,157.0,75.0,67001.0,59344.0
Sep-22,2,D,512.0,658.0,500.0,11589.0,11132.0
Sep-22,2,E,176.0,297.0,176.0,107201.0,
Sep-23,1,A,645.0,840.0,640.0,101000.0,
Sep-23,1,B,470.0,723.0,466.0,134889.0,
Sep-23,1,C,115.0,182.0,115.0,82889.0,
Sep-23,1,D,573.0,758.0,569.0,10901.0,
Sep-23,1,E,130.0,219.0,120.0,137000.0,
Sep-23,2,A,651.0,864.0,635.0,105000.0,99617.0
Sep-23,2,B,496.0,735.0,494.0,140889.0,128094.0
Sep-23,2,C,114.0,153.0,114.0,83801.0,82636.0
Sep-23,2,D,502.0,639.0,494.0,10700.0,10850.0
Sep-23,2,E,153.0,282.0,144.0,144640.0,
Sep-24,1,A,983.0,1308.0,966.0,96490.0,
Sep-24,1,B,665.0,924.0,657.0,106300.0,
Sep-24,1,C,216.0,324.0,215.0,74001.0,
Sep-24,1,D,522.0,622.0,520.0,9801.0,
Sep-24,1,E,176.0,388.0,166.0,106901.0,
Sep-24,2,A,990.0,1377.0,909.0,98524.0,94351.0
Sep-24,2,B,663.0,879.0,656.0,110001.0,104866.0
Sep-24,2,C,217.0,318.0,212.0,74000.0,72018.0
Sep-24,2,D,520.0,636.0,516.0,9900.0,9434.0
Sep-24,2,E,177.0,383.0,173.0,113104.0,
